image_id,cluster
3,cluster_LynxID2025_0
5,cluster_LynxID2025_1
12,cluster_LynxID2025_47
13,cluster_LynxID2025_58
18,cluster_LynxID2025_69
19,cluster_LynxID2025_80
27,cluster_LynxID2025_91
33,cluster_LynxID2025_102
36,cluster_LynxID2025_113
45,cluster_LynxID2025_124
46,cluster_LynxID2025_2
47,cluster_LynxID2025_13
48,cluster_LynxID2025_24
49,cluster_LynxID2025_69
55,cluster_LynxID2025_35
58,cluster_LynxID2025_41
61,cluster_LynxID2025_42
62,cluster_LynxID2025_43
63,cluster_LynxID2025_44
64,cluster_LynxID2025_69
65,cluster_LynxID2025_45
67,cluster_LynxID2025_1
68,cluster_LynxID2025_46
74,cluster_LynxID2025_48
81,cluster_LynxID2025_49
84,cluster_LynxID2025_50
85,cluster_LynxID2025_1
86,cluster_LynxID2025_51
89,cluster_LynxID2025_52
90,cluster_LynxID2025_41
94,cluster_LynxID2025_53
97,cluster_LynxID2025_54
98,cluster_LynxID2025_55
106,cluster_LynxID2025_56
113,cluster_LynxID2025_1
123,cluster_LynxID2025_57
124,cluster_LynxID2025_59
126,cluster_LynxID2025_60
131,cluster_LynxID2025_61
137,cluster_LynxID2025_48
139,cluster_LynxID2025_24
145,cluster_LynxID2025_55
150,cluster_LynxID2025_62
163,cluster_LynxID2025_63
166,cluster_LynxID2025_24
167,cluster_LynxID2025_63
168,cluster_LynxID2025_64
171,cluster_LynxID2025_42
173,cluster_LynxID2025_65
182,cluster_LynxID2025_1
183,cluster_LynxID2025_66
186,cluster_LynxID2025_67
188,cluster_LynxID2025_42
190,cluster_LynxID2025_68
192,cluster_LynxID2025_70
195,cluster_LynxID2025_71
202,cluster_LynxID2025_45
203,cluster_LynxID2025_69
205,cluster_LynxID2025_72
209,cluster_LynxID2025_66
210,cluster_LynxID2025_73
213,cluster_LynxID2025_74
216,cluster_LynxID2025_75
219,cluster_LynxID2025_63
221,cluster_LynxID2025_76
228,cluster_LynxID2025_69
231,cluster_LynxID2025_60
240,cluster_LynxID2025_77
242,cluster_LynxID2025_45
245,cluster_LynxID2025_78
264,cluster_LynxID2025_55
266,cluster_LynxID2025_91
273,cluster_LynxID2025_80
276,cluster_LynxID2025_91
280,cluster_LynxID2025_48
282,cluster_LynxID2025_54
286,cluster_LynxID2025_1
289,cluster_LynxID2025_69
293,cluster_LynxID2025_57
294,cluster_LynxID2025_69
296,cluster_LynxID2025_62
311,cluster_LynxID2025_1
312,cluster_LynxID2025_102
315,cluster_LynxID2025_77
338,cluster_LynxID2025_13
347,cluster_LynxID2025_65
357,cluster_LynxID2025_80
359,cluster_LynxID2025_60
361,cluster_LynxID2025_79
366,cluster_LynxID2025_41
368,cluster_LynxID2025_80
373,cluster_LynxID2025_1
375,cluster_LynxID2025_1
378,cluster_LynxID2025_60
380,cluster_LynxID2025_91
397,cluster_LynxID2025_81
411,cluster_LynxID2025_41
415,cluster_LynxID2025_80
422,cluster_LynxID2025_46
423,cluster_LynxID2025_55
424,cluster_LynxID2025_82
427,cluster_LynxID2025_13
429,cluster_LynxID2025_13
431,cluster_LynxID2025_57
432,cluster_LynxID2025_83
437,cluster_LynxID2025_83
439,cluster_LynxID2025_84
443,cluster_LynxID2025_79
454,cluster_LynxID2025_85
459,cluster_LynxID2025_86
465,cluster_LynxID2025_91
469,cluster_LynxID2025_80
470,cluster_LynxID2025_87
474,cluster_LynxID2025_60
475,cluster_LynxID2025_88
478,cluster_LynxID2025_80
479,cluster_LynxID2025_69
480,cluster_LynxID2025_89
481,cluster_LynxID2025_102
482,cluster_LynxID2025_90
491,cluster_LynxID2025_1
494,cluster_LynxID2025_92
500,cluster_LynxID2025_41
501,cluster_LynxID2025_1
507,cluster_LynxID2025_41
509,cluster_LynxID2025_57
512,cluster_LynxID2025_72
515,cluster_LynxID2025_93
516,cluster_LynxID2025_13
519,cluster_LynxID2025_71
520,cluster_LynxID2025_72
522,cluster_LynxID2025_94
524,cluster_LynxID2025_95
526,cluster_LynxID2025_54
530,cluster_LynxID2025_63
537,cluster_LynxID2025_67
544,cluster_LynxID2025_47
547,cluster_LynxID2025_96
549,cluster_LynxID2025_68
551,cluster_LynxID2025_91
552,cluster_LynxID2025_60
555,cluster_LynxID2025_41
559,cluster_LynxID2025_13
562,cluster_LynxID2025_97
565,cluster_LynxID2025_80
567,cluster_LynxID2025_1
569,cluster_LynxID2025_98
570,cluster_LynxID2025_57
573,cluster_LynxID2025_99
577,cluster_LynxID2025_102
578,cluster_LynxID2025_60
579,cluster_LynxID2025_71
580,cluster_LynxID2025_100
583,cluster_LynxID2025_47
584,cluster_LynxID2025_61
588,cluster_LynxID2025_0
589,cluster_LynxID2025_91
591,cluster_LynxID2025_72
592,cluster_LynxID2025_101
594,cluster_LynxID2025_82
595,cluster_LynxID2025_103
599,cluster_LynxID2025_1
602,cluster_LynxID2025_1
603,cluster_LynxID2025_91
611,cluster_LynxID2025_72
620,cluster_LynxID2025_45
625,cluster_LynxID2025_104
626,cluster_LynxID2025_24
628,cluster_LynxID2025_91
630,cluster_LynxID2025_105
636,cluster_LynxID2025_61
643,cluster_LynxID2025_74
645,cluster_LynxID2025_47
648,cluster_LynxID2025_69
649,cluster_LynxID2025_63
651,cluster_LynxID2025_13
655,cluster_LynxID2025_106
656,cluster_LynxID2025_13
662,cluster_LynxID2025_2
669,cluster_LynxID2025_107
670,cluster_LynxID2025_41
672,cluster_LynxID2025_106
673,cluster_LynxID2025_64
676,cluster_LynxID2025_55
678,cluster_LynxID2025_13
683,cluster_LynxID2025_48
685,cluster_LynxID2025_55
690,cluster_LynxID2025_80
694,cluster_LynxID2025_13
699,cluster_LynxID2025_73
704,cluster_LynxID2025_57
707,cluster_LynxID2025_24
711,cluster_LynxID2025_91
712,cluster_LynxID2025_48
713,cluster_LynxID2025_69
715,cluster_LynxID2025_13
719,cluster_LynxID2025_48
722,cluster_LynxID2025_35
724,cluster_LynxID2025_24
726,cluster_LynxID2025_13
730,cluster_LynxID2025_80
734,cluster_LynxID2025_95
735,cluster_LynxID2025_102
738,cluster_LynxID2025_63
739,cluster_LynxID2025_1
741,cluster_LynxID2025_13
749,cluster_LynxID2025_108
750,cluster_LynxID2025_72
751,cluster_LynxID2025_13
753,cluster_LynxID2025_64
760,cluster_LynxID2025_109
761,cluster_LynxID2025_50
764,cluster_LynxID2025_13
766,cluster_LynxID2025_1
770,cluster_LynxID2025_80
776,cluster_LynxID2025_74
781,cluster_LynxID2025_1
782,cluster_LynxID2025_100
784,cluster_LynxID2025_80
786,cluster_LynxID2025_64
787,cluster_LynxID2025_1
790,cluster_LynxID2025_63
791,cluster_LynxID2025_69
793,cluster_LynxID2025_64
794,cluster_LynxID2025_41
795,cluster_LynxID2025_24
797,cluster_LynxID2025_47
798,cluster_LynxID2025_48
800,cluster_LynxID2025_13
804,cluster_LynxID2025_69
808,cluster_LynxID2025_48
817,cluster_LynxID2025_110
819,cluster_LynxID2025_1
824,cluster_LynxID2025_55
840,cluster_LynxID2025_72
849,cluster_LynxID2025_42
855,cluster_LynxID2025_111
859,cluster_LynxID2025_55
865,cluster_LynxID2025_112
871,cluster_LynxID2025_24
872,cluster_LynxID2025_61
874,cluster_LynxID2025_13
881,cluster_LynxID2025_100
886,cluster_LynxID2025_80
887,cluster_LynxID2025_51
893,cluster_LynxID2025_92
897,cluster_LynxID2025_66
904,cluster_LynxID2025_57
907,cluster_LynxID2025_55
915,cluster_LynxID2025_114
917,cluster_LynxID2025_102
920,cluster_LynxID2025_62
939,cluster_LynxID2025_113
941,cluster_LynxID2025_70
945,cluster_LynxID2025_47
951,cluster_LynxID2025_1
962,cluster_LynxID2025_102
963,cluster_LynxID2025_1
964,cluster_LynxID2025_113
969,cluster_LynxID2025_82
980,cluster_LynxID2025_57
983,cluster_LynxID2025_91
985,cluster_LynxID2025_115
990,cluster_LynxID2025_50
991,cluster_LynxID2025_13
992,cluster_LynxID2025_41
994,cluster_LynxID2025_0
995,cluster_LynxID2025_64
1000,cluster_LynxID2025_116
1001,cluster_LynxID2025_54
1005,cluster_LynxID2025_1
1006,cluster_LynxID2025_41
1008,cluster_LynxID2025_107
1011,cluster_LynxID2025_55
1012,cluster_LynxID2025_117
1013,cluster_LynxID2025_118
1019,cluster_LynxID2025_2
1021,cluster_LynxID2025_96
1031,cluster_LynxID2025_119
1034,cluster_LynxID2025_2
1039,cluster_LynxID2025_60
1042,cluster_LynxID2025_69
1045,cluster_LynxID2025_13
1046,cluster_LynxID2025_64
1047,cluster_LynxID2025_1
1048,cluster_LynxID2025_1
1053,cluster_LynxID2025_87
1055,cluster_LynxID2025_120
1057,cluster_LynxID2025_62
1060,cluster_LynxID2025_107
1064,cluster_LynxID2025_80
1065,cluster_LynxID2025_64
1068,cluster_LynxID2025_24
1069,cluster_LynxID2025_71
1071,cluster_LynxID2025_64
1075,cluster_LynxID2025_1
1089,cluster_LynxID2025_121
1090,cluster_LynxID2025_1
1094,cluster_LynxID2025_122
1095,cluster_LynxID2025_67
1096,cluster_LynxID2025_49
1107,cluster_LynxID2025_123
1108,cluster_LynxID2025_64
1111,cluster_LynxID2025_63
1115,cluster_LynxID2025_102
1119,cluster_LynxID2025_113
1120,cluster_LynxID2025_125
1122,cluster_LynxID2025_104
1131,cluster_LynxID2025_73
1135,cluster_LynxID2025_43
1137,cluster_LynxID2025_72
1139,cluster_LynxID2025_111
1143,cluster_LynxID2025_126
1147,cluster_LynxID2025_108
1153,cluster_LynxID2025_67
1154,cluster_LynxID2025_46
1162,cluster_LynxID2025_127
1163,cluster_LynxID2025_13
1164,cluster_LynxID2025_77
1175,cluster_LynxID2025_54
1182,cluster_LynxID2025_91
1191,cluster_LynxID2025_91
1192,cluster_LynxID2025_55
1197,cluster_LynxID2025_128
1198,cluster_LynxID2025_2
1203,cluster_LynxID2025_52
1205,cluster_LynxID2025_129
1207,cluster_LynxID2025_99
1209,cluster_LynxID2025_63
1211,cluster_LynxID2025_1
1213,cluster_LynxID2025_46
1214,cluster_LynxID2025_13
1221,cluster_LynxID2025_80
1223,cluster_LynxID2025_130
1225,cluster_LynxID2025_80
1232,cluster_LynxID2025_13
1233,cluster_LynxID2025_13
1234,cluster_LynxID2025_65
1235,cluster_LynxID2025_102
1237,cluster_LynxID2025_131
1245,cluster_LynxID2025_45
1247,cluster_LynxID2025_13
1248,cluster_LynxID2025_80
1249,cluster_LynxID2025_91
1255,cluster_LynxID2025_54
1259,cluster_LynxID2025_55
1264,cluster_LynxID2025_102
1266,cluster_LynxID2025_69
1267,cluster_LynxID2025_132
1270,cluster_LynxID2025_100
1271,cluster_LynxID2025_133
1277,cluster_LynxID2025_87
1278,cluster_LynxID2025_2
1280,cluster_LynxID2025_1
1288,cluster_LynxID2025_64
1297,cluster_LynxID2025_42
1309,cluster_LynxID2025_76
1311,cluster_LynxID2025_81
1313,cluster_LynxID2025_72
1318,cluster_LynxID2025_82
1322,cluster_LynxID2025_51
1325,cluster_LynxID2025_1
1330,cluster_LynxID2025_82
1335,cluster_LynxID2025_134
1343,cluster_LynxID2025_80
1345,cluster_LynxID2025_71
1349,cluster_LynxID2025_121
1351,cluster_LynxID2025_48
1353,cluster_LynxID2025_80
1363,cluster_LynxID2025_67
1367,cluster_LynxID2025_62
1368,cluster_LynxID2025_64
1370,cluster_LynxID2025_67
1371,cluster_LynxID2025_69
1375,cluster_LynxID2025_13
1385,cluster_LynxID2025_72
1388,cluster_LynxID2025_102
1392,cluster_LynxID2025_91
1394,cluster_LynxID2025_89
1399,cluster_LynxID2025_102
1403,cluster_LynxID2025_83
1406,cluster_LynxID2025_80
1410,cluster_LynxID2025_60
1413,cluster_LynxID2025_91
1416,cluster_LynxID2025_66
1421,cluster_LynxID2025_62
1425,cluster_LynxID2025_1
1427,cluster_LynxID2025_2
1428,cluster_LynxID2025_71
1431,cluster_LynxID2025_64
1432,cluster_LynxID2025_61
1433,cluster_LynxID2025_47
1439,cluster_LynxID2025_107
1441,cluster_LynxID2025_60
1444,cluster_LynxID2025_102
1447,cluster_LynxID2025_113
1453,cluster_LynxID2025_1
1454,cluster_LynxID2025_63
1455,cluster_LynxID2025_74
1457,cluster_LynxID2025_63
1465,cluster_LynxID2025_2
1466,cluster_LynxID2025_69
1474,cluster_LynxID2025_3
1475,cluster_LynxID2025_72
1491,cluster_LynxID2025_111
1492,cluster_LynxID2025_72
1493,cluster_LynxID2025_24
1494,cluster_LynxID2025_55
1504,cluster_LynxID2025_60
1509,cluster_LynxID2025_63
1513,cluster_LynxID2025_69
1525,cluster_LynxID2025_71
1526,cluster_LynxID2025_134
1527,cluster_LynxID2025_91
1538,cluster_LynxID2025_55
1539,cluster_LynxID2025_69
1541,cluster_LynxID2025_57
1545,cluster_LynxID2025_91
1546,cluster_LynxID2025_4
1547,cluster_LynxID2025_42
1550,cluster_LynxID2025_43
1557,cluster_LynxID2025_13
1559,cluster_LynxID2025_94
1566,cluster_LynxID2025_91
1573,cluster_LynxID2025_24
1574,cluster_LynxID2025_56
1575,cluster_LynxID2025_81
1578,cluster_LynxID2025_41
1580,cluster_LynxID2025_5
1583,cluster_LynxID2025_13
1585,cluster_LynxID2025_2
1586,cluster_LynxID2025_6
1588,cluster_LynxID2025_91
1592,cluster_LynxID2025_43
1594,cluster_LynxID2025_112
1596,cluster_LynxID2025_71
1600,cluster_LynxID2025_2
1607,cluster_LynxID2025_24
1610,cluster_LynxID2025_13
1612,cluster_LynxID2025_1
1615,cluster_LynxID2025_7
1616,cluster_LynxID2025_1
1619,cluster_LynxID2025_55
1621,cluster_LynxID2025_13
1625,cluster_LynxID2025_72
1628,cluster_LynxID2025_80
1631,cluster_LynxID2025_55
1632,cluster_LynxID2025_100
1641,cluster_LynxID2025_103
1643,cluster_LynxID2025_96
1651,cluster_LynxID2025_48
1652,cluster_LynxID2025_1
1659,cluster_LynxID2025_24
1660,cluster_LynxID2025_24
1666,cluster_LynxID2025_48
1673,cluster_LynxID2025_48
1674,cluster_LynxID2025_72
1681,cluster_LynxID2025_61
1684,cluster_LynxID2025_67
1688,cluster_LynxID2025_64
1689,cluster_LynxID2025_55
1694,cluster_LynxID2025_91
1701,cluster_LynxID2025_60
1704,cluster_LynxID2025_1
1714,cluster_LynxID2025_8
1725,cluster_LynxID2025_49
1726,cluster_LynxID2025_91
1728,cluster_LynxID2025_9
1735,cluster_LynxID2025_10
1743,cluster_LynxID2025_67
1744,cluster_LynxID2025_128
1749,cluster_LynxID2025_1
1759,cluster_LynxID2025_91
1774,cluster_LynxID2025_1
1776,cluster_LynxID2025_24
1777,cluster_LynxID2025_62
1790,cluster_LynxID2025_67
1795,cluster_LynxID2025_57
1804,cluster_LynxID2025_80
1806,cluster_LynxID2025_10
1812,cluster_LynxID2025_63
1818,cluster_LynxID2025_62
1820,cluster_LynxID2025_65
1823,cluster_LynxID2025_64
1829,cluster_LynxID2025_1
1834,cluster_LynxID2025_63
1835,cluster_LynxID2025_47
1836,cluster_LynxID2025_11
1840,cluster_LynxID2025_72
1843,cluster_LynxID2025_1
1854,cluster_LynxID2025_93
1861,cluster_LynxID2025_91
1867,cluster_LynxID2025_0
1869,cluster_LynxID2025_55
1870,cluster_LynxID2025_66
1871,cluster_LynxID2025_24
1873,cluster_LynxID2025_12
1874,cluster_LynxID2025_72
1878,cluster_LynxID2025_92
1892,cluster_LynxID2025_82
1894,cluster_LynxID2025_71
1897,cluster_LynxID2025_47
1899,cluster_LynxID2025_57
1901,cluster_LynxID2025_48
1903,cluster_LynxID2025_100
1913,cluster_LynxID2025_41
1917,cluster_LynxID2025_57
1921,cluster_LynxID2025_12
1923,cluster_LynxID2025_134
1925,cluster_LynxID2025_55
1930,cluster_LynxID2025_1
1935,cluster_LynxID2025_1
1936,cluster_LynxID2025_1
1937,cluster_LynxID2025_48
1939,cluster_LynxID2025_14
1941,cluster_LynxID2025_71
1943,cluster_LynxID2025_1
1945,cluster_LynxID2025_11
1951,cluster_LynxID2025_121
1955,cluster_LynxID2025_71
1957,cluster_LynxID2025_80
1961,cluster_LynxID2025_15
1965,cluster_LynxID2025_72
1969,cluster_LynxID2025_102
1971,cluster_LynxID2025_91
1975,cluster_LynxID2025_55
1981,cluster_LynxID2025_24
1985,cluster_LynxID2025_54
1991,cluster_LynxID2025_42
2005,cluster_LynxID2025_91
2007,cluster_LynxID2025_87
2008,cluster_LynxID2025_69
2014,cluster_LynxID2025_69
2029,cluster_LynxID2025_16
2030,cluster_LynxID2025_43
2035,cluster_LynxID2025_80
2037,cluster_LynxID2025_2
2038,cluster_LynxID2025_57
2040,cluster_LynxID2025_69
2044,cluster_LynxID2025_71
2049,cluster_LynxID2025_8
2057,cluster_LynxID2025_51
2058,cluster_LynxID2025_69
2078,cluster_LynxID2025_55
2079,cluster_LynxID2025_64
2081,cluster_LynxID2025_4
2082,cluster_LynxID2025_13
2086,cluster_LynxID2025_122
2090,cluster_LynxID2025_55
2091,cluster_LynxID2025_47
2105,cluster_LynxID2025_42
2106,cluster_LynxID2025_24
2107,cluster_LynxID2025_64
2110,cluster_LynxID2025_70
2117,cluster_LynxID2025_55
2118,cluster_LynxID2025_17
2119,cluster_LynxID2025_102
2124,cluster_LynxID2025_18
2127,cluster_LynxID2025_100
2129,cluster_LynxID2025_63
2136,cluster_LynxID2025_66
2137,cluster_LynxID2025_69
2144,cluster_LynxID2025_19
2146,cluster_LynxID2025_47
2151,cluster_LynxID2025_41
2161,cluster_LynxID2025_20
2164,cluster_LynxID2025_24
2166,cluster_LynxID2025_21
2169,cluster_LynxID2025_102
2170,cluster_LynxID2025_41
2174,cluster_LynxID2025_47
2178,cluster_LynxID2025_102
2184,cluster_LynxID2025_95
2190,cluster_LynxID2025_86
2196,cluster_LynxID2025_69
2198,cluster_LynxID2025_121
2200,cluster_LynxID2025_48
2205,cluster_LynxID2025_60
2207,cluster_LynxID2025_3
2208,cluster_LynxID2025_63
2219,cluster_LynxID2025_69
2220,cluster_LynxID2025_62
2222,cluster_LynxID2025_58
2226,cluster_LynxID2025_71
2228,cluster_LynxID2025_11
2231,cluster_LynxID2025_72
2232,cluster_LynxID2025_13
2235,cluster_LynxID2025_125
2246,cluster_LynxID2025_91
2248,cluster_LynxID2025_24
2257,cluster_LynxID2025_121
2265,cluster_LynxID2025_105
2268,cluster_LynxID2025_71
2272,cluster_LynxID2025_72
2283,cluster_LynxID2025_101
2290,cluster_LynxID2025_126
2292,cluster_LynxID2025_91
2293,cluster_LynxID2025_121
2294,cluster_LynxID2025_64
2301,cluster_LynxID2025_107
2303,cluster_LynxID2025_71
2307,cluster_LynxID2025_61
2313,cluster_LynxID2025_102
2320,cluster_LynxID2025_46
2322,cluster_LynxID2025_80
2324,cluster_LynxID2025_55
2326,cluster_LynxID2025_62
2330,cluster_LynxID2025_69
2336,cluster_LynxID2025_73
2338,cluster_LynxID2025_17
2343,cluster_LynxID2025_133
2369,cluster_LynxID2025_6
2375,cluster_LynxID2025_69
2379,cluster_LynxID2025_22
2385,cluster_LynxID2025_55
2388,cluster_LynxID2025_71
2389,cluster_LynxID2025_72
2390,cluster_LynxID2025_23
2399,cluster_LynxID2025_46
2403,cluster_LynxID2025_129
2404,cluster_LynxID2025_68
2406,cluster_LynxID2025_51
2408,cluster_LynxID2025_1
2409,cluster_LynxID2025_55
2411,cluster_LynxID2025_1
2426,cluster_LynxID2025_102
2435,cluster_LynxID2025_67
2437,cluster_LynxID2025_97
2441,cluster_LynxID2025_25
2469,cluster_LynxID2025_52
2472,cluster_LynxID2025_1
2473,cluster_LynxID2025_71
2477,cluster_LynxID2025_56
2478,cluster_LynxID2025_48
2487,cluster_LynxID2025_48
2491,cluster_LynxID2025_2
2495,cluster_LynxID2025_64
2496,cluster_LynxID2025_102
2501,cluster_LynxID2025_107
2511,cluster_LynxID2025_2
2512,cluster_LynxID2025_72
2518,cluster_LynxID2025_120
2525,cluster_LynxID2025_57
2527,cluster_LynxID2025_60
2529,cluster_LynxID2025_113
2530,cluster_LynxID2025_24
2534,cluster_LynxID2025_60
2544,cluster_LynxID2025_91
2545,cluster_LynxID2025_134
2546,cluster_LynxID2025_80
2549,cluster_LynxID2025_1
2552,cluster_LynxID2025_55
2554,cluster_LynxID2025_73
2555,cluster_LynxID2025_13
2562,cluster_LynxID2025_128
2564,cluster_LynxID2025_55
2580,cluster_LynxID2025_11
2591,cluster_LynxID2025_47
2592,cluster_LynxID2025_107
2601,cluster_LynxID2025_44
2606,cluster_LynxID2025_96
2613,cluster_LynxID2025_81
2625,cluster_LynxID2025_107
2626,cluster_LynxID2025_12
2631,cluster_LynxID2025_64
2638,cluster_LynxID2025_60
2643,cluster_LynxID2025_24
2644,cluster_LynxID2025_64
2648,cluster_LynxID2025_55
2654,cluster_LynxID2025_95
2655,cluster_LynxID2025_0
2657,cluster_LynxID2025_21
2687,cluster_LynxID2025_47
2689,cluster_LynxID2025_1
2705,cluster_LynxID2025_1
2706,cluster_LynxID2025_95
2709,cluster_LynxID2025_61
2713,cluster_LynxID2025_127
2718,cluster_LynxID2025_26
2721,cluster_LynxID2025_58
2724,cluster_LynxID2025_96
2725,cluster_LynxID2025_72
2726,cluster_LynxID2025_64
2731,cluster_LynxID2025_27
2733,cluster_LynxID2025_72
2734,cluster_LynxID2025_113
2744,cluster_LynxID2025_107
2754,cluster_LynxID2025_72
2758,cluster_LynxID2025_52
2759,cluster_LynxID2025_80
2760,cluster_LynxID2025_91
2770,cluster_LynxID2025_20
2787,cluster_LynxID2025_71
2789,cluster_LynxID2025_71
2790,cluster_LynxID2025_80
2794,cluster_LynxID2025_1
2797,cluster_LynxID2025_63
2801,cluster_LynxID2025_18
2803,cluster_LynxID2025_89
2807,cluster_LynxID2025_65
2811,cluster_LynxID2025_1
2812,cluster_LynxID2025_55
2823,cluster_LynxID2025_13
2829,cluster_LynxID2025_64
2831,cluster_LynxID2025_13
2834,cluster_LynxID2025_1
2840,cluster_LynxID2025_1
2841,cluster_LynxID2025_96
2844,cluster_LynxID2025_47
2845,cluster_LynxID2025_112
2846,cluster_LynxID2025_130
2847,cluster_LynxID2025_24
2848,cluster_LynxID2025_60
2851,cluster_LynxID2025_41
2865,cluster_LynxID2025_63
2871,cluster_LynxID2025_91
2873,cluster_LynxID2025_26
2876,cluster_LynxID2025_47
2889,cluster_LynxID2025_76
2893,cluster_LynxID2025_28
2894,cluster_LynxID2025_24
2896,cluster_LynxID2025_41
2914,cluster_LynxID2025_17
2920,cluster_LynxID2025_29
2921,cluster_LynxID2025_71
2933,cluster_LynxID2025_96
2934,cluster_LynxID2025_5
2942,cluster_LynxID2025_43
2948,cluster_LynxID2025_76
2949,cluster_LynxID2025_80
2951,cluster_LynxID2025_85
2952,cluster_LynxID2025_55
2957,cluster_LynxID2025_24
2961,cluster_LynxID2025_24
2963,cluster_LynxID2025_42
2968,cluster_LynxID2025_72
2973,cluster_LynxID2025_72
2976,cluster_LynxID2025_41
2978,cluster_LynxID2025_30
2981,cluster_LynxID2025_80
2985,cluster_LynxID2025_1
2999,cluster_LynxID2025_80
3001,cluster_LynxID2025_61
3003,cluster_LynxID2025_47
3007,cluster_LynxID2025_0
3013,cluster_LynxID2025_66
3014,cluster_LynxID2025_69
3018,cluster_LynxID2025_100
3020,cluster_LynxID2025_72
3021,cluster_LynxID2025_41
3027,cluster_LynxID2025_31
3029,cluster_LynxID2025_61
3032,cluster_LynxID2025_89
3034,cluster_LynxID2025_60
3035,cluster_LynxID2025_113
3036,cluster_LynxID2025_72
3037,cluster_LynxID2025_77
3038,cluster_LynxID2025_48
3045,cluster_LynxID2025_55
3046,cluster_LynxID2025_72
3055,cluster_LynxID2025_24
3059,cluster_LynxID2025_102
3069,cluster_LynxID2025_57
3074,cluster_LynxID2025_81
3086,cluster_LynxID2025_48
3090,cluster_LynxID2025_55
3091,cluster_LynxID2025_124
3097,cluster_LynxID2025_32
3099,cluster_LynxID2025_33
3106,cluster_LynxID2025_64
3108,cluster_LynxID2025_1
3111,cluster_LynxID2025_24
3116,cluster_LynxID2025_80
3118,cluster_LynxID2025_11
3130,cluster_LynxID2025_63
3133,cluster_LynxID2025_69
3138,cluster_LynxID2025_46
3142,cluster_LynxID2025_124
3144,cluster_LynxID2025_67
3153,cluster_LynxID2025_91
3155,cluster_LynxID2025_1
3156,cluster_LynxID2025_107
3157,cluster_LynxID2025_57
3167,cluster_LynxID2025_57
3177,cluster_LynxID2025_24
3178,cluster_LynxID2025_13
3181,cluster_LynxID2025_134
3183,cluster_LynxID2025_57
3193,cluster_LynxID2025_72
3201,cluster_LynxID2025_34
3204,cluster_LynxID2025_107
3205,cluster_LynxID2025_72
3215,cluster_LynxID2025_63
3217,cluster_LynxID2025_47
3220,cluster_LynxID2025_24
3221,cluster_LynxID2025_93
3222,cluster_LynxID2025_55
3231,cluster_LynxID2025_72
3232,cluster_LynxID2025_72
3239,cluster_LynxID2025_71
3242,cluster_LynxID2025_97
3245,cluster_LynxID2025_63
3249,cluster_LynxID2025_1
3256,cluster_LynxID2025_24
3259,cluster_LynxID2025_63
3261,cluster_LynxID2025_55
3263,cluster_LynxID2025_102
3267,cluster_LynxID2025_102
3270,cluster_LynxID2025_67
3274,cluster_LynxID2025_80
3277,cluster_LynxID2025_1
3281,cluster_LynxID2025_47
3284,cluster_LynxID2025_36
3286,cluster_LynxID2025_71
3287,cluster_LynxID2025_66
3297,cluster_LynxID2025_24
3305,cluster_LynxID2025_67
3310,cluster_LynxID2025_116
3314,cluster_LynxID2025_43
3323,cluster_LynxID2025_105
3331,cluster_LynxID2025_55
3335,cluster_LynxID2025_91
3338,cluster_LynxID2025_53
3339,cluster_LynxID2025_64
3344,cluster_LynxID2025_63
3348,cluster_LynxID2025_17
3352,cluster_LynxID2025_102
3353,cluster_LynxID2025_1
3356,cluster_LynxID2025_37
3357,cluster_LynxID2025_0
3358,cluster_LynxID2025_102
3366,cluster_LynxID2025_1
3372,cluster_LynxID2025_71
3380,cluster_LynxID2025_24
3382,cluster_LynxID2025_1
3386,cluster_LynxID2025_42
3389,cluster_LynxID2025_45
3390,cluster_LynxID2025_50
3400,cluster_LynxID2025_13
3401,cluster_LynxID2025_61
3409,cluster_LynxID2025_107
3412,cluster_LynxID2025_71
3416,cluster_LynxID2025_13
3418,cluster_LynxID2025_24
3420,cluster_LynxID2025_112
3424,cluster_LynxID2025_98
3427,cluster_LynxID2025_48
3429,cluster_LynxID2025_55
3434,cluster_LynxID2025_63
3435,cluster_LynxID2025_128
3436,cluster_LynxID2025_24
3437,cluster_LynxID2025_95
3439,cluster_LynxID2025_72
3441,cluster_LynxID2025_38
3446,cluster_LynxID2025_55
3449,cluster_LynxID2025_47
3450,cluster_LynxID2025_102
3452,cluster_LynxID2025_96
3469,cluster_LynxID2025_61
3474,cluster_LynxID2025_67
3477,cluster_LynxID2025_48
3480,cluster_LynxID2025_57
3481,cluster_LynxID2025_2
3484,cluster_LynxID2025_1
3487,cluster_LynxID2025_55
3490,cluster_LynxID2025_82
3494,cluster_LynxID2025_13
3497,cluster_LynxID2025_4
3500,cluster_LynxID2025_105
3501,cluster_LynxID2025_69
3502,cluster_LynxID2025_100
3508,cluster_LynxID2025_46
3511,cluster_LynxID2025_46
3513,cluster_LynxID2025_0
3521,cluster_LynxID2025_63
3524,cluster_LynxID2025_72
3526,cluster_LynxID2025_39
3529,cluster_LynxID2025_41
3530,cluster_LynxID2025_47
3539,cluster_LynxID2025_80
3540,cluster_LynxID2025_107
3542,cluster_LynxID2025_72
3545,cluster_LynxID2025_57
3548,cluster_LynxID2025_55
3550,cluster_LynxID2025_19
3565,cluster_LynxID2025_57
3566,cluster_LynxID2025_40
3568,cluster_LynxID2025_9
3570,cluster_LynxID2025_55
3574,cluster_LynxID2025_13
3582,cluster_LynxID2025_41
3585,cluster_LynxID2025_71
3595,cluster_LynxID2025_96
3597,cluster_LynxID2025_48
3605,cluster_LynxID2025_73
3626,cluster_LynxID2025_47
3633,cluster_LynxID2025_113
3638,cluster_LynxID2025_55
3643,cluster_LynxID2025_72
3645,cluster_LynxID2025_76
3648,cluster_LynxID2025_41
3654,cluster_LynxID2025_49
3655,cluster_LynxID2025_48
3657,cluster_LynxID2025_54
3660,cluster_LynxID2025_0
3666,cluster_LynxID2025_41
3670,cluster_LynxID2025_73
3672,cluster_LynxID2025_1
3675,cluster_LynxID2025_69
3676,cluster_LynxID2025_29
3677,cluster_LynxID2025_1
3682,cluster_LynxID2025_55
3690,cluster_LynxID2025_1
3691,cluster_LynxID2025_1
3692,cluster_LynxID2025_102
3696,cluster_LynxID2025_98
3698,cluster_LynxID2025_13
3706,cluster_LynxID2025_1
3725,cluster_LynxID2025_80
3727,cluster_LynxID2025_48
3729,cluster_LynxID2025_49
3739,cluster_LynxID2025_72
3749,cluster_LynxID2025_61
3750,cluster_LynxID2025_134
3762,cluster_LynxID2025_6
3763,cluster_LynxID2025_67
3766,cluster_LynxID2025_59
3768,cluster_LynxID2025_64
3793,cluster_LynxID2025_71
3794,cluster_LynxID2025_72
3808,cluster_LynxID2025_83
3822,cluster_LynxID2025_72
3823,cluster_LynxID2025_48
3836,cluster_LynxID2025_67
3837,cluster_LynxID2025_80
3849,cluster_LynxID2025_116
3861,cluster_LynxID2025_41
3862,cluster_LynxID2025_55
3866,cluster_LynxID2025_69
3867,cluster_LynxID2025_43
3874,cluster_LynxID2025_71
3876,cluster_LynxID2025_47
3887,cluster_LynxID2025_77
3897,cluster_LynxID2025_16
3900,cluster_LynxID2025_131
3902,cluster_LynxID2025_74
5291,cluster_SalamanderID2025_433
5292,cluster_SalamanderID2025_434
5293,cluster_SalamanderID2025_433
5294,cluster_SalamanderID2025_434
5295,cluster_SalamanderID2025_207
5296,cluster_SalamanderID2025_162
5297,cluster_SalamanderID2025_322
5298,cluster_SalamanderID2025_162
5299,cluster_SalamanderID2025_433
5300,cluster_SalamanderID2025_433
5301,cluster_SalamanderID2025_423
5302,cluster_SalamanderID2025_183
5303,cluster_SalamanderID2025_211
5304,cluster_SalamanderID2025_244
5305,cluster_SalamanderID2025_236
5306,cluster_SalamanderID2025_186
5307,cluster_SalamanderID2025_363
5308,cluster_SalamanderID2025_245
5309,cluster_SalamanderID2025_256
5310,cluster_SalamanderID2025_273
5311,cluster_SalamanderID2025_439
5312,cluster_SalamanderID2025_439
5313,cluster_SalamanderID2025_439
5314,cluster_SalamanderID2025_240
5315,cluster_SalamanderID2025_439
5316,cluster_SalamanderID2025_264
5317,cluster_SalamanderID2025_121
5318,cluster_SalamanderID2025_394
5319,cluster_SalamanderID2025_110
5320,cluster_SalamanderID2025_196
5321,cluster_SalamanderID2025_276
5322,cluster_SalamanderID2025_40
5323,cluster_SalamanderID2025_172
5324,cluster_SalamanderID2025_200
5325,cluster_SalamanderID2025_382
5326,cluster_SalamanderID2025_260
5327,cluster_SalamanderID2025_217
5328,cluster_SalamanderID2025_189
5329,cluster_SalamanderID2025_342
5330,cluster_SalamanderID2025_429
5331,cluster_SalamanderID2025_132
5332,cluster_SalamanderID2025_142
5333,cluster_SalamanderID2025_356
5334,cluster_SalamanderID2025_293
5335,cluster_SalamanderID2025_255
5336,cluster_SalamanderID2025_398
5337,cluster_SalamanderID2025_417
5338,cluster_SalamanderID2025_332
5339,cluster_SalamanderID2025_347
5340,cluster_SalamanderID2025_432
5341,cluster_SalamanderID2025_364
5342,cluster_SalamanderID2025_81
5343,cluster_SalamanderID2025_432
5344,cluster_SalamanderID2025_132
5345,cluster_SalamanderID2025_81
5346,cluster_SalamanderID2025_432
5347,cluster_SalamanderID2025_167
5348,cluster_SalamanderID2025_179
5349,cluster_SalamanderID2025_249
5350,cluster_SalamanderID2025_238
5351,cluster_SalamanderID2025_451
5352,cluster_SalamanderID2025_247
5353,cluster_SalamanderID2025_342
5354,cluster_SalamanderID2025_131
5355,cluster_SalamanderID2025_452
5356,cluster_SalamanderID2025_317
5357,cluster_SalamanderID2025_227
5358,cluster_SalamanderID2025_383
5359,cluster_SalamanderID2025_76
5360,cluster_SalamanderID2025_419
5361,cluster_SalamanderID2025_121
5362,cluster_SalamanderID2025_176
5363,cluster_SalamanderID2025_383
5364,cluster_SalamanderID2025_439
5365,cluster_SalamanderID2025_76
5366,cluster_SalamanderID2025_202
5367,cluster_SalamanderID2025_332
5368,cluster_SalamanderID2025_269
5369,cluster_SalamanderID2025_170
5370,cluster_SalamanderID2025_225
5371,cluster_SalamanderID2025_381
5372,cluster_SalamanderID2025_424
5373,cluster_SalamanderID2025_348
5374,cluster_SalamanderID2025_353
5375,cluster_SalamanderID2025_328
5376,cluster_SalamanderID2025_145
5377,cluster_SalamanderID2025_184
5378,cluster_SalamanderID2025_453
5379,cluster_SalamanderID2025_453
5380,cluster_SalamanderID2025_302
5381,cluster_SalamanderID2025_40
5382,cluster_SalamanderID2025_127
5383,cluster_SalamanderID2025_40
5384,cluster_SalamanderID2025_454
5385,cluster_SalamanderID2025_140
5386,cluster_SalamanderID2025_453
5387,cluster_SalamanderID2025_148
5388,cluster_SalamanderID2025_12
5389,cluster_SalamanderID2025_230
5390,cluster_SalamanderID2025_198
5391,cluster_SalamanderID2025_344
5392,cluster_SalamanderID2025_192
5393,cluster_SalamanderID2025_455
5394,cluster_SalamanderID2025_380
5395,cluster_SalamanderID2025_409
5396,cluster_SalamanderID2025_181
5397,cluster_SalamanderID2025_163
5398,cluster_SalamanderID2025_371
5399,cluster_SalamanderID2025_314
5400,cluster_SalamanderID2025_374
5401,cluster_SalamanderID2025_370
5402,cluster_SalamanderID2025_305
5403,cluster_SalamanderID2025_130
5404,cluster_SalamanderID2025_131
5405,cluster_SalamanderID2025_250
5406,cluster_SalamanderID2025_357
5407,cluster_SalamanderID2025_456
5408,cluster_SalamanderID2025_456
5409,cluster_SalamanderID2025_57
5410,cluster_SalamanderID2025_456
5411,cluster_SalamanderID2025_272
5412,cluster_SalamanderID2025_57
5413,cluster_SalamanderID2025_0
5414,cluster_SalamanderID2025_132
5415,cluster_SalamanderID2025_457
5416,cluster_SalamanderID2025_458
5417,cluster_SalamanderID2025_223
5418,cluster_SalamanderID2025_126
5419,cluster_SalamanderID2025_246
5420,cluster_SalamanderID2025_232
5421,cluster_SalamanderID2025_232
5422,cluster_SalamanderID2025_232
5423,cluster_SalamanderID2025_352
5424,cluster_SalamanderID2025_454
5425,cluster_SalamanderID2025_14
5426,cluster_SalamanderID2025_414
5427,cluster_SalamanderID2025_372
5428,cluster_SalamanderID2025_388
5429,cluster_SalamanderID2025_428
5430,cluster_SalamanderID2025_126
5431,cluster_SalamanderID2025_428
5432,cluster_SalamanderID2025_277
5433,cluster_SalamanderID2025_72
5434,cluster_SalamanderID2025_241
5435,cluster_SalamanderID2025_201
5436,cluster_SalamanderID2025_434
5437,cluster_SalamanderID2025_280
5438,cluster_SalamanderID2025_151
5439,cluster_SalamanderID2025_298
5440,cluster_SalamanderID2025_389
5441,cluster_SalamanderID2025_434
5442,cluster_SalamanderID2025_271
5443,cluster_SalamanderID2025_281
5444,cluster_SalamanderID2025_422
5445,cluster_SalamanderID2025_295
5446,cluster_SalamanderID2025_413
5447,cluster_SalamanderID2025_452
5448,cluster_SalamanderID2025_175
5449,cluster_SalamanderID2025_385
5450,cluster_SalamanderID2025_435
5451,cluster_SalamanderID2025_436
5452,cluster_SalamanderID2025_329
5453,cluster_SalamanderID2025_437
5454,cluster_SalamanderID2025_33
5455,cluster_SalamanderID2025_327
5456,cluster_SalamanderID2025_33
5457,cluster_SalamanderID2025_437
5458,cluster_SalamanderID2025_430
5459,cluster_SalamanderID2025_437
5460,cluster_SalamanderID2025_437
5461,cluster_SalamanderID2025_141
5462,cluster_SalamanderID2025_383
5463,cluster_SalamanderID2025_132
5464,cluster_SalamanderID2025_242
5465,cluster_SalamanderID2025_14
5466,cluster_SalamanderID2025_438
5467,cluster_SalamanderID2025_210
5468,cluster_SalamanderID2025_324
5469,cluster_SalamanderID2025_372
5470,cluster_SalamanderID2025_263
5471,cluster_SalamanderID2025_280
5472,cluster_SalamanderID2025_59
5473,cluster_SalamanderID2025_59
5474,cluster_SalamanderID2025_397
5475,cluster_SalamanderID2025_18
5476,cluster_SalamanderID2025_427
5477,cluster_SalamanderID2025_422
5478,cluster_SalamanderID2025_451
5479,cluster_SalamanderID2025_331
5480,cluster_SalamanderID2025_392
5481,cluster_SalamanderID2025_294
5482,cluster_SalamanderID2025_25
5483,cluster_SalamanderID2025_25
5484,cluster_SalamanderID2025_229
5485,cluster_SalamanderID2025_190
5486,cluster_SalamanderID2025_383
5487,cluster_SalamanderID2025_458
5488,cluster_SalamanderID2025_216
5489,cluster_SalamanderID2025_454
5490,cluster_SalamanderID2025_265
5491,cluster_SalamanderID2025_221
5492,cluster_SalamanderID2025_205
5493,cluster_SalamanderID2025_304
5494,cluster_SalamanderID2025_239
5495,cluster_SalamanderID2025_435
5496,cluster_SalamanderID2025_452
5497,cluster_SalamanderID2025_150
5498,cluster_SalamanderID2025_253
5499,cluster_SalamanderID2025_420
5500,cluster_SalamanderID2025_341
5501,cluster_SalamanderID2025_451
5502,cluster_SalamanderID2025_417
5503,cluster_SalamanderID2025_355
5504,cluster_SalamanderID2025_423
5505,cluster_SalamanderID2025_224
5506,cluster_SalamanderID2025_339
5507,cluster_SalamanderID2025_365
5508,cluster_SalamanderID2025_414
5509,cluster_SalamanderID2025_296
5510,cluster_SalamanderID2025_226
5511,cluster_SalamanderID2025_206
5512,cluster_SalamanderID2025_259
5513,cluster_SalamanderID2025_107
5514,cluster_SalamanderID2025_285
5515,cluster_SalamanderID2025_70
5516,cluster_SalamanderID2025_330
5517,cluster_SalamanderID2025_70
5518,cluster_SalamanderID2025_415
5519,cluster_SalamanderID2025_415
5520,cluster_SalamanderID2025_335
5521,cluster_SalamanderID2025_120
5522,cluster_SalamanderID2025_367
5523,cluster_SalamanderID2025_220
5524,cluster_SalamanderID2025_429
5525,cluster_SalamanderID2025_378
5526,cluster_SalamanderID2025_191
5527,cluster_SalamanderID2025_452
5528,cluster_SalamanderID2025_291
5529,cluster_SalamanderID2025_64
5530,cluster_SalamanderID2025_451
5531,cluster_SalamanderID2025_420
5532,cluster_SalamanderID2025_80
5533,cluster_SalamanderID2025_458
5534,cluster_SalamanderID2025_47
5535,cluster_SalamanderID2025_440
5536,cluster_SalamanderID2025_333
5537,cluster_SalamanderID2025_455
5538,cluster_SalamanderID2025_173
5539,cluster_SalamanderID2025_17
5540,cluster_SalamanderID2025_455
5541,cluster_SalamanderID2025_17
5542,cluster_SalamanderID2025_457
5543,cluster_SalamanderID2025_266
5544,cluster_SalamanderID2025_149
5545,cluster_SalamanderID2025_451
5546,cluster_SalamanderID2025_202
5547,cluster_SalamanderID2025_452
5548,cluster_SalamanderID2025_185
5549,cluster_SalamanderID2025_387
5550,cluster_SalamanderID2025_195
5551,cluster_SalamanderID2025_358
5552,cluster_SalamanderID2025_173
5553,cluster_SalamanderID2025_177
5554,cluster_SalamanderID2025_391
5555,cluster_SalamanderID2025_452
5556,cluster_SalamanderID2025_431
5557,cluster_SalamanderID2025_306
5558,cluster_SalamanderID2025_243
5559,cluster_SalamanderID2025_375
5560,cluster_SalamanderID2025_194
5561,cluster_SalamanderID2025_203
5562,cluster_SalamanderID2025_441
5563,cluster_SalamanderID2025_152
5564,cluster_SalamanderID2025_182
5565,cluster_SalamanderID2025_117
5566,cluster_SalamanderID2025_275
5567,cluster_SalamanderID2025_117
5568,cluster_SalamanderID2025_43
5569,cluster_SalamanderID2025_43
5570,cluster_SalamanderID2025_43
5571,cluster_SalamanderID2025_47
5572,cluster_SalamanderID2025_237
5573,cluster_SalamanderID2025_83
5574,cluster_SalamanderID2025_223
5575,cluster_SalamanderID2025_435
5576,cluster_SalamanderID2025_288
5577,cluster_SalamanderID2025_457
5578,cluster_SalamanderID2025_413
5579,cluster_SalamanderID2025_254
5580,cluster_SalamanderID2025_336
5581,cluster_SalamanderID2025_299
5582,cluster_SalamanderID2025_410
5583,cluster_SalamanderID2025_338
5584,cluster_SalamanderID2025_171
5585,cluster_SalamanderID2025_110
5586,cluster_SalamanderID2025_376
5587,cluster_SalamanderID2025_146
5588,cluster_SalamanderID2025_440
5589,cluster_SalamanderID2025_38
5590,cluster_SalamanderID2025_261
5591,cluster_SalamanderID2025_11
5592,cluster_SalamanderID2025_441
5593,cluster_SalamanderID2025_8
5594,cluster_SalamanderID2025_43
5595,cluster_SalamanderID2025_436
5596,cluster_SalamanderID2025_153
5597,cluster_SalamanderID2025_321
5598,cluster_SalamanderID2025_139
5599,cluster_SalamanderID2025_440
5600,cluster_SalamanderID2025_166
5601,cluster_SalamanderID2025_416
5602,cluster_SalamanderID2025_416
5603,cluster_SalamanderID2025_416
5604,cluster_SalamanderID2025_366
5605,cluster_SalamanderID2025_366
5606,cluster_SalamanderID2025_128
5607,cluster_SalamanderID2025_128
5608,cluster_SalamanderID2025_427
5609,cluster_SalamanderID2025_143
5610,cluster_SalamanderID2025_304
5611,cluster_SalamanderID2025_178
5612,cluster_SalamanderID2025_147
5613,cluster_SalamanderID2025_169
5614,cluster_SalamanderID2025_442
5615,cluster_SalamanderID2025_119
5616,cluster_SalamanderID2025_442
5617,cluster_SalamanderID2025_368
5618,cluster_SalamanderID2025_119
5619,cluster_SalamanderID2025_300
5620,cluster_SalamanderID2025_254
5621,cluster_SalamanderID2025_248
5622,cluster_SalamanderID2025_20
5623,cluster_SalamanderID2025_168
5624,cluster_SalamanderID2025_235
5625,cluster_SalamanderID2025_270
5626,cluster_SalamanderID2025_1
5627,cluster_SalamanderID2025_1
5628,cluster_SalamanderID2025_313
5629,cluster_SalamanderID2025_71
5630,cluster_SalamanderID2025_187
5631,cluster_SalamanderID2025_345
5632,cluster_SalamanderID2025_180
5633,cluster_SalamanderID2025_134
5634,cluster_SalamanderID2025_15
5635,cluster_SalamanderID2025_350
5636,cluster_SalamanderID2025_204
5637,cluster_SalamanderID2025_334
5638,cluster_SalamanderID2025_279
5639,cluster_SalamanderID2025_441
5640,cluster_SalamanderID2025_109
5641,cluster_SalamanderID2025_10
5642,cluster_SalamanderID2025_396
5643,cluster_SalamanderID2025_42
5644,cluster_SalamanderID2025_396
5645,cluster_SalamanderID2025_89
5646,cluster_SalamanderID2025_89
5647,cluster_SalamanderID2025_396
5648,cluster_SalamanderID2025_267
5649,cluster_SalamanderID2025_232
5650,cluster_SalamanderID2025_193
5651,cluster_SalamanderID2025_70
5652,cluster_SalamanderID2025_337
5653,cluster_SalamanderID2025_219
5654,cluster_SalamanderID2025_274
5655,cluster_SalamanderID2025_231
5656,cluster_SalamanderID2025_394
5657,cluster_SalamanderID2025_458
5658,cluster_SalamanderID2025_72
5659,cluster_SalamanderID2025_394
5660,cluster_SalamanderID2025_274
5661,cluster_SalamanderID2025_274
5662,cluster_SalamanderID2025_307
5663,cluster_SalamanderID2025_156
5664,cluster_SalamanderID2025_421
5665,cluster_SalamanderID2025_443
5666,cluster_SalamanderID2025_354
5667,cluster_SalamanderID2025_112
5668,cluster_SalamanderID2025_286
5669,cluster_SalamanderID2025_282
5670,cluster_SalamanderID2025_214
5671,cluster_SalamanderID2025_384
5672,cluster_SalamanderID2025_145
5673,cluster_SalamanderID2025_407
5674,cluster_SalamanderID2025_312
5675,cluster_SalamanderID2025_100
5676,cluster_SalamanderID2025_377
5677,cluster_SalamanderID2025_455
5678,cluster_SalamanderID2025_425
5679,cluster_SalamanderID2025_458
5680,cluster_SalamanderID2025_318
5681,cluster_SalamanderID2025_233
5682,cluster_SalamanderID2025_444
5683,cluster_SalamanderID2025_436
5684,cluster_SalamanderID2025_213
5685,cluster_SalamanderID2025_218
5686,cluster_SalamanderID2025_290
5687,cluster_SalamanderID2025_62
5688,cluster_SalamanderID2025_18
5689,cluster_SalamanderID2025_90
5690,cluster_SalamanderID2025_116
5691,cluster_SalamanderID2025_297
5692,cluster_SalamanderID2025_311
5693,cluster_SalamanderID2025_421
5694,cluster_SalamanderID2025_438
5695,cluster_SalamanderID2025_438
5696,cluster_SalamanderID2025_362
5697,cluster_SalamanderID2025_390
5698,cluster_SalamanderID2025_49
5699,cluster_SalamanderID2025_197
5700,cluster_SalamanderID2025_434
5701,cluster_SalamanderID2025_303
5702,cluster_SalamanderID2025_282
5703,cluster_SalamanderID2025_445
5704,cluster_SalamanderID2025_188
5705,cluster_SalamanderID2025_445
5706,cluster_SalamanderID2025_155
5707,cluster_SalamanderID2025_15
5708,cluster_SalamanderID2025_359
5709,cluster_SalamanderID2025_319
5710,cluster_SalamanderID2025_13
5711,cluster_SalamanderID2025_401
5712,cluster_SalamanderID2025_283
5713,cluster_SalamanderID2025_425
5714,cluster_SalamanderID2025_16
5715,cluster_SalamanderID2025_340
5716,cluster_SalamanderID2025_82
5717,cluster_SalamanderID2025_208
5718,cluster_SalamanderID2025_431
5719,cluster_SalamanderID2025_215
5720,cluster_SalamanderID2025_174
5721,cluster_SalamanderID2025_9
5722,cluster_SalamanderID2025_234
5723,cluster_SalamanderID2025_424
5724,cluster_SalamanderID2025_161
5725,cluster_SalamanderID2025_436
5726,cluster_SalamanderID2025_402
5727,cluster_SalamanderID2025_373
5728,cluster_SalamanderID2025_301
5729,cluster_SalamanderID2025_51
5730,cluster_SalamanderID2025_402
5731,cluster_SalamanderID2025_325
5732,cluster_SalamanderID2025_446
5733,cluster_SalamanderID2025_446
5734,cluster_SalamanderID2025_446
5735,cluster_SalamanderID2025_192
5736,cluster_SalamanderID2025_63
5737,cluster_SalamanderID2025_9
5738,cluster_SalamanderID2025_316
5739,cluster_SalamanderID2025_323
5740,cluster_SalamanderID2025_457
5741,cluster_SalamanderID2025_212
5742,cluster_SalamanderID2025_8
5743,cluster_SalamanderID2025_138
5744,cluster_SalamanderID2025_111
5745,cluster_SalamanderID2025_13
5746,cluster_SalamanderID2025_406
5747,cluster_SalamanderID2025_75
5748,cluster_SalamanderID2025_349
5749,cluster_SalamanderID2025_2
5750,cluster_SalamanderID2025_430
5751,cluster_SalamanderID2025_252
5752,cluster_SalamanderID2025_21
5753,cluster_SalamanderID2025_173
5754,cluster_SalamanderID2025_438
5755,cluster_SalamanderID2025_292
5756,cluster_SalamanderID2025_61
5757,cluster_SalamanderID2025_137
5758,cluster_SalamanderID2025_36
5759,cluster_SalamanderID2025_0
5760,cluster_SalamanderID2025_309
5761,cluster_SalamanderID2025_458
5762,cluster_SalamanderID2025_458
5763,cluster_SalamanderID2025_409
5764,cluster_SalamanderID2025_94
5765,cluster_SalamanderID2025_122
5766,cluster_SalamanderID2025_257
5767,cluster_SalamanderID2025_438
5768,cluster_SalamanderID2025_29
5769,cluster_SalamanderID2025_454
5770,cluster_SalamanderID2025_284
5771,cluster_SalamanderID2025_101
5772,cluster_SalamanderID2025_447
5773,cluster_SalamanderID2025_447
5774,cluster_SalamanderID2025_447
5775,cluster_SalamanderID2025_398
5776,cluster_SalamanderID2025_400
5777,cluster_SalamanderID2025_123
5778,cluster_SalamanderID2025_222
5779,cluster_SalamanderID2025_326
5780,cluster_SalamanderID2025_2
5781,cluster_SalamanderID2025_105
5782,cluster_SalamanderID2025_251
5783,cluster_SalamanderID2025_135
5784,cluster_SalamanderID2025_308
5785,cluster_SalamanderID2025_11
5786,cluster_SalamanderID2025_106
5787,cluster_SalamanderID2025_386
5788,cluster_SalamanderID2025_23
5789,cluster_SalamanderID2025_400
5790,cluster_SalamanderID2025_258
5791,cluster_SalamanderID2025_243
5792,cluster_SalamanderID2025_60
5793,cluster_SalamanderID2025_102
5794,cluster_SalamanderID2025_164
5795,cluster_SalamanderID2025_410
5796,cluster_SalamanderID2025_435
5797,cluster_SalamanderID2025_443
5798,cluster_SalamanderID2025_158
5799,cluster_SalamanderID2025_68
5800,cluster_SalamanderID2025_443
5801,cluster_SalamanderID2025_79
5802,cluster_SalamanderID2025_446
5803,cluster_SalamanderID2025_157
5804,cluster_SalamanderID2025_343
5805,cluster_SalamanderID2025_448
5806,cluster_SalamanderID2025_89
5807,cluster_SalamanderID2025_289
5808,cluster_SalamanderID2025_133
5809,cluster_SalamanderID2025_448
5810,cluster_SalamanderID2025_399
5811,cluster_SalamanderID2025_37
5812,cluster_SalamanderID2025_406
5813,cluster_SalamanderID2025_419
5814,cluster_SalamanderID2025_118
5815,cluster_SalamanderID2025_449
5816,cluster_SalamanderID2025_87
5817,cluster_SalamanderID2025_39
5818,cluster_SalamanderID2025_134
5819,cluster_SalamanderID2025_74
5820,cluster_SalamanderID2025_449
5821,cluster_SalamanderID2025_85
5822,cluster_SalamanderID2025_16
5823,cluster_SalamanderID2025_124
5824,cluster_SalamanderID2025_400
5825,cluster_SalamanderID2025_315
5826,cluster_SalamanderID2025_30
5827,cluster_SalamanderID2025_441
5828,cluster_SalamanderID2025_73
5829,cluster_SalamanderID2025_351
5830,cluster_SalamanderID2025_88
5831,cluster_SalamanderID2025_287
5832,cluster_SalamanderID2025_165
5833,cluster_SalamanderID2025_448
5834,cluster_SalamanderID2025_35
5835,cluster_SalamanderID2025_435
5836,cluster_SalamanderID2025_450
5837,cluster_SalamanderID2025_98
5838,cluster_SalamanderID2025_395
5839,cluster_SalamanderID2025_407
5840,cluster_SalamanderID2025_77
5841,cluster_SalamanderID2025_193
5842,cluster_SalamanderID2025_448
5843,cluster_SalamanderID2025_26
5844,cluster_SalamanderID2025_454
5845,cluster_SalamanderID2025_450
5846,cluster_SalamanderID2025_144
5847,cluster_SalamanderID2025_108
5848,cluster_SalamanderID2025_450
5849,cluster_SalamanderID2025_455
5850,cluster_SalamanderID2025_434
5851,cluster_SalamanderID2025_154
5852,cluster_SalamanderID2025_89
5853,cluster_SalamanderID2025_452
5854,cluster_SalamanderID2025_95
5855,cluster_SalamanderID2025_6
5856,cluster_SalamanderID2025_10
5857,cluster_SalamanderID2025_52
5858,cluster_SalamanderID2025_82
5859,cluster_SalamanderID2025_448
5860,cluster_SalamanderID2025_444
5861,cluster_SalamanderID2025_395
5862,cluster_SalamanderID2025_360
5863,cluster_SalamanderID2025_346
5864,cluster_SalamanderID2025_46
5865,cluster_SalamanderID2025_115
5866,cluster_SalamanderID2025_3
5867,cluster_SalamanderID2025_45
5868,cluster_SalamanderID2025_268
5869,cluster_SalamanderID2025_262
5870,cluster_SalamanderID2025_426
5871,cluster_SalamanderID2025_228
5872,cluster_SalamanderID2025_293
5873,cluster_SalamanderID2025_159
5874,cluster_SalamanderID2025_129
5875,cluster_SalamanderID2025_84
5876,cluster_SalamanderID2025_369
5877,cluster_SalamanderID2025_50
5878,cluster_SalamanderID2025_4
5879,cluster_SalamanderID2025_5
5880,cluster_SalamanderID2025_27
5881,cluster_SalamanderID2025_22
5882,cluster_SalamanderID2025_418
5883,cluster_SalamanderID2025_24
5884,cluster_SalamanderID2025_278
5885,cluster_SalamanderID2025_151
5886,cluster_SalamanderID2025_320
5887,cluster_SalamanderID2025_408
5888,cluster_SalamanderID2025_310
5889,cluster_SalamanderID2025_399
5890,cluster_SalamanderID2025_449
5891,cluster_SalamanderID2025_449
5892,cluster_SalamanderID2025_12
5893,cluster_SalamanderID2025_361
5894,cluster_SalamanderID2025_379
5895,cluster_SalamanderID2025_435
5896,cluster_SalamanderID2025_32
5897,cluster_SalamanderID2025_99
5898,cluster_SalamanderID2025_69
5899,cluster_SalamanderID2025_99
5900,cluster_SalamanderID2025_136
5901,cluster_SalamanderID2025_411
5902,cluster_SalamanderID2025_438
5903,cluster_SalamanderID2025_103
5904,cluster_SalamanderID2025_450
5905,cluster_SalamanderID2025_401
5906,cluster_SalamanderID2025_451
5907,cluster_SalamanderID2025_450
5908,cluster_SalamanderID2025_49
5909,cluster_SalamanderID2025_314
5910,cluster_SalamanderID2025_86
5911,cluster_SalamanderID2025_262
5912,cluster_SalamanderID2025_28
5913,cluster_SalamanderID2025_361
5914,cluster_SalamanderID2025_67
5915,cluster_SalamanderID2025_85
5916,cluster_SalamanderID2025_448
5917,cluster_SalamanderID2025_91
5918,cluster_SalamanderID2025_53
5919,cluster_SalamanderID2025_451
5920,cluster_SalamanderID2025_445
5921,cluster_SalamanderID2025_448
5922,cluster_SalamanderID2025_199
5923,cluster_SalamanderID2025_19
5924,cluster_SalamanderID2025_212
5925,cluster_SalamanderID2025_99
5926,cluster_SalamanderID2025_125
5927,cluster_SalamanderID2025_433
5928,cluster_SalamanderID2025_447
5929,cluster_SalamanderID2025_41
5930,cluster_SalamanderID2025_86
5931,cluster_SalamanderID2025_93
5932,cluster_SalamanderID2025_56
5933,cluster_SalamanderID2025_6
5934,cluster_SalamanderID2025_58
5935,cluster_SalamanderID2025_393
5936,cluster_SalamanderID2025_393
5937,cluster_SalamanderID2025_449
5938,cluster_SalamanderID2025_54
5939,cluster_SalamanderID2025_450
5940,cluster_SalamanderID2025_448
5941,cluster_SalamanderID2025_405
5942,cluster_SalamanderID2025_48
5943,cluster_SalamanderID2025_100
5944,cluster_SalamanderID2025_31
5945,cluster_SalamanderID2025_397
5946,cluster_SalamanderID2025_34
5947,cluster_SalamanderID2025_440
5948,cluster_SalamanderID2025_113
5949,cluster_SalamanderID2025_19
5950,cluster_SalamanderID2025_435
5951,cluster_SalamanderID2025_404
5952,cluster_SalamanderID2025_403
5953,cluster_SalamanderID2025_422
5954,cluster_SalamanderID2025_114
5955,cluster_SalamanderID2025_66
5956,cluster_SalamanderID2025_454
5957,cluster_SalamanderID2025_130
5958,cluster_SalamanderID2025_412
5959,cluster_SalamanderID2025_441
5960,cluster_SalamanderID2025_92
5961,cluster_SalamanderID2025_451
5962,cluster_SalamanderID2025_55
5963,cluster_SalamanderID2025_78
5964,cluster_SalamanderID2025_99
5965,cluster_SalamanderID2025_448
5966,cluster_SalamanderID2025_7
5967,cluster_SalamanderID2025_65
5968,cluster_SalamanderID2025_97
5969,cluster_SalamanderID2025_452
5970,cluster_SalamanderID2025_323
5971,cluster_SalamanderID2025_44
5972,cluster_SalamanderID2025_435
5973,cluster_SalamanderID2025_104
5974,cluster_SalamanderID2025_209
5975,cluster_SalamanderID2025_454
5976,cluster_SalamanderID2025_451
5977,cluster_SalamanderID2025_160
5978,cluster_SalamanderID2025_96
5979,cluster_SalamanderID2025_403
14709,cluster_SeaTurtleID2022_118
14710,cluster_SeaTurtleID2022_154
14711,cluster_SeaTurtleID2022_147
14712,cluster_SeaTurtleID2022_97
14713,cluster_SeaTurtleID2022_84
14714,cluster_SeaTurtleID2022_3
14715,cluster_SeaTurtleID2022_139
14716,cluster_SeaTurtleID2022_7
14717,cluster_SeaTurtleID2022_127
14718,cluster_SeaTurtleID2022_100
14719,cluster_SeaTurtleID2022_63
14720,cluster_SeaTurtleID2022_119
14721,cluster_SeaTurtleID2022_100
14722,cluster_SeaTurtleID2022_58
14723,cluster_SeaTurtleID2022_104
14724,cluster_SeaTurtleID2022_146
14725,cluster_SeaTurtleID2022_58
14726,cluster_SeaTurtleID2022_103
14727,cluster_SeaTurtleID2022_13
14728,cluster_SeaTurtleID2022_122
14729,cluster_SeaTurtleID2022_42
14730,cluster_SeaTurtleID2022_113
14731,cluster_SeaTurtleID2022_117
14732,cluster_SeaTurtleID2022_13
14733,cluster_SeaTurtleID2022_125
14734,cluster_SeaTurtleID2022_15
14735,cluster_SeaTurtleID2022_141
14736,cluster_SeaTurtleID2022_113
14737,cluster_SeaTurtleID2022_109
14738,cluster_SeaTurtleID2022_151
14739,cluster_SeaTurtleID2022_158
14740,cluster_SeaTurtleID2022_91
14741,cluster_SeaTurtleID2022_45
14742,cluster_SeaTurtleID2022_159
14743,cluster_SeaTurtleID2022_48
14744,cluster_SeaTurtleID2022_80
14745,cluster_SeaTurtleID2022_1
14746,cluster_SeaTurtleID2022_94
14747,cluster_SeaTurtleID2022_121
14748,cluster_SeaTurtleID2022_158
14749,cluster_SeaTurtleID2022_110
14750,cluster_SeaTurtleID2022_160
14751,cluster_SeaTurtleID2022_146
14752,cluster_SeaTurtleID2022_127
14753,cluster_SeaTurtleID2022_9
14754,cluster_SeaTurtleID2022_118
14755,cluster_SeaTurtleID2022_110
14756,cluster_SeaTurtleID2022_147
14757,cluster_SeaTurtleID2022_161
14758,cluster_SeaTurtleID2022_86
14759,cluster_SeaTurtleID2022_30
14760,cluster_SeaTurtleID2022_27
14761,cluster_SeaTurtleID2022_162
14762,cluster_SeaTurtleID2022_134
14763,cluster_SeaTurtleID2022_89
14764,cluster_SeaTurtleID2022_13
14765,cluster_SeaTurtleID2022_110
14766,cluster_SeaTurtleID2022_163
14767,cluster_SeaTurtleID2022_6
14768,cluster_SeaTurtleID2022_135
14769,cluster_SeaTurtleID2022_105
14770,cluster_SeaTurtleID2022_84
14771,cluster_SeaTurtleID2022_162
14772,cluster_SeaTurtleID2022_130
14773,cluster_SeaTurtleID2022_0
14774,cluster_SeaTurtleID2022_1
14775,cluster_SeaTurtleID2022_96
14776,cluster_SeaTurtleID2022_99
14777,cluster_SeaTurtleID2022_92
14778,cluster_SeaTurtleID2022_164
14779,cluster_SeaTurtleID2022_126
14780,cluster_SeaTurtleID2022_82
14781,cluster_SeaTurtleID2022_147
14782,cluster_SeaTurtleID2022_135
14783,cluster_SeaTurtleID2022_125
14784,cluster_SeaTurtleID2022_117
14785,cluster_SeaTurtleID2022_73
14786,cluster_SeaTurtleID2022_81
14787,cluster_SeaTurtleID2022_136
14788,cluster_SeaTurtleID2022_8
14789,cluster_SeaTurtleID2022_27
14790,cluster_SeaTurtleID2022_74
14791,cluster_SeaTurtleID2022_94
14792,cluster_SeaTurtleID2022_102
14793,cluster_SeaTurtleID2022_146
14794,cluster_SeaTurtleID2022_97
14795,cluster_SeaTurtleID2022_93
14796,cluster_SeaTurtleID2022_105
14797,cluster_SeaTurtleID2022_162
14798,cluster_SeaTurtleID2022_28
14799,cluster_SeaTurtleID2022_154
14800,cluster_SeaTurtleID2022_65
14801,cluster_SeaTurtleID2022_136
14802,cluster_SeaTurtleID2022_129
14803,cluster_SeaTurtleID2022_145
14804,cluster_SeaTurtleID2022_131
14805,cluster_SeaTurtleID2022_137
14806,cluster_SeaTurtleID2022_164
14807,cluster_SeaTurtleID2022_116
14808,cluster_SeaTurtleID2022_131
14809,cluster_SeaTurtleID2022_42
14810,cluster_SeaTurtleID2022_122
14811,cluster_SeaTurtleID2022_83
14812,cluster_SeaTurtleID2022_107
14813,cluster_SeaTurtleID2022_111
14814,cluster_SeaTurtleID2022_138
14815,cluster_SeaTurtleID2022_123
14816,cluster_SeaTurtleID2022_162
14817,cluster_SeaTurtleID2022_53
14818,cluster_SeaTurtleID2022_165
14819,cluster_SeaTurtleID2022_162
14820,cluster_SeaTurtleID2022_13
14821,cluster_SeaTurtleID2022_110
14822,cluster_SeaTurtleID2022_78
14823,cluster_SeaTurtleID2022_108
14824,cluster_SeaTurtleID2022_146
14825,cluster_SeaTurtleID2022_96
14826,cluster_SeaTurtleID2022_102
14827,cluster_SeaTurtleID2022_106
14828,cluster_SeaTurtleID2022_14
14829,cluster_SeaTurtleID2022_87
14830,cluster_SeaTurtleID2022_108
14831,cluster_SeaTurtleID2022_139
14832,cluster_SeaTurtleID2022_3
14833,cluster_SeaTurtleID2022_60
14834,cluster_SeaTurtleID2022_156
14835,cluster_SeaTurtleID2022_0
14836,cluster_SeaTurtleID2022_85
14837,cluster_SeaTurtleID2022_100
14838,cluster_SeaTurtleID2022_99
14839,cluster_SeaTurtleID2022_45
14840,cluster_SeaTurtleID2022_114
14841,cluster_SeaTurtleID2022_132
14842,cluster_SeaTurtleID2022_126
14843,cluster_SeaTurtleID2022_162
14844,cluster_SeaTurtleID2022_161
14845,cluster_SeaTurtleID2022_22
14846,cluster_SeaTurtleID2022_8
14847,cluster_SeaTurtleID2022_2
14848,cluster_SeaTurtleID2022_116
14849,cluster_SeaTurtleID2022_33
14850,cluster_SeaTurtleID2022_6
14851,cluster_SeaTurtleID2022_162
14852,cluster_SeaTurtleID2022_131
14853,cluster_SeaTurtleID2022_74
14854,cluster_SeaTurtleID2022_72
14855,cluster_SeaTurtleID2022_132
14856,cluster_SeaTurtleID2022_26
14857,cluster_SeaTurtleID2022_154
14858,cluster_SeaTurtleID2022_66
14859,cluster_SeaTurtleID2022_8
14860,cluster_SeaTurtleID2022_161
14861,cluster_SeaTurtleID2022_135
14862,cluster_SeaTurtleID2022_99
14863,cluster_SeaTurtleID2022_96
14864,cluster_SeaTurtleID2022_35
14865,cluster_SeaTurtleID2022_69
14866,cluster_SeaTurtleID2022_137
14867,cluster_SeaTurtleID2022_0
14868,cluster_SeaTurtleID2022_45
14869,cluster_SeaTurtleID2022_90
14870,cluster_SeaTurtleID2022_160
14871,cluster_SeaTurtleID2022_87
14872,cluster_SeaTurtleID2022_45
14873,cluster_SeaTurtleID2022_136
14874,cluster_SeaTurtleID2022_7
14875,cluster_SeaTurtleID2022_45
14876,cluster_SeaTurtleID2022_93
14877,cluster_SeaTurtleID2022_51
14878,cluster_SeaTurtleID2022_54
14879,cluster_SeaTurtleID2022_95
14880,cluster_SeaTurtleID2022_86
14881,cluster_SeaTurtleID2022_38
14882,cluster_SeaTurtleID2022_133
14883,cluster_SeaTurtleID2022_149
14884,cluster_SeaTurtleID2022_71
14885,cluster_SeaTurtleID2022_0
14886,cluster_SeaTurtleID2022_88
14887,cluster_SeaTurtleID2022_110
14888,cluster_SeaTurtleID2022_35
14889,cluster_SeaTurtleID2022_138
14890,cluster_SeaTurtleID2022_140
14891,cluster_SeaTurtleID2022_102
14892,cluster_SeaTurtleID2022_165
14893,cluster_SeaTurtleID2022_104
14894,cluster_SeaTurtleID2022_103
14895,cluster_SeaTurtleID2022_158
14896,cluster_SeaTurtleID2022_26
14897,cluster_SeaTurtleID2022_94
14898,cluster_SeaTurtleID2022_82
14899,cluster_SeaTurtleID2022_147
14900,cluster_SeaTurtleID2022_108
14901,cluster_SeaTurtleID2022_130
14902,cluster_SeaTurtleID2022_96
14903,cluster_SeaTurtleID2022_162
14904,cluster_SeaTurtleID2022_93
14905,cluster_SeaTurtleID2022_156
14906,cluster_SeaTurtleID2022_76
14907,cluster_SeaTurtleID2022_44
14908,cluster_SeaTurtleID2022_2
14909,cluster_SeaTurtleID2022_125
14910,cluster_SeaTurtleID2022_84
14911,cluster_SeaTurtleID2022_22
14912,cluster_SeaTurtleID2022_100
14913,cluster_SeaTurtleID2022_0
14914,cluster_SeaTurtleID2022_17
14915,cluster_SeaTurtleID2022_39
14916,cluster_SeaTurtleID2022_101
14917,cluster_SeaTurtleID2022_1
14918,cluster_SeaTurtleID2022_146
14919,cluster_SeaTurtleID2022_100
14920,cluster_SeaTurtleID2022_115
14921,cluster_SeaTurtleID2022_143
14922,cluster_SeaTurtleID2022_94
14923,cluster_SeaTurtleID2022_54
14924,cluster_SeaTurtleID2022_147
14925,cluster_SeaTurtleID2022_153
14926,cluster_SeaTurtleID2022_86
14927,cluster_SeaTurtleID2022_45
14928,cluster_SeaTurtleID2022_129
14929,cluster_SeaTurtleID2022_59
14930,cluster_SeaTurtleID2022_156
14931,cluster_SeaTurtleID2022_131
14932,cluster_SeaTurtleID2022_162
14933,cluster_SeaTurtleID2022_24
14934,cluster_SeaTurtleID2022_112
14935,cluster_SeaTurtleID2022_7
14936,cluster_SeaTurtleID2022_138
14937,cluster_SeaTurtleID2022_88
14938,cluster_SeaTurtleID2022_161
14939,cluster_SeaTurtleID2022_1
14940,cluster_SeaTurtleID2022_23
14941,cluster_SeaTurtleID2022_96
14942,cluster_SeaTurtleID2022_38
14943,cluster_SeaTurtleID2022_164
14944,cluster_SeaTurtleID2022_62
14945,cluster_SeaTurtleID2022_83
14946,cluster_SeaTurtleID2022_3
14947,cluster_SeaTurtleID2022_141
14948,cluster_SeaTurtleID2022_100
14949,cluster_SeaTurtleID2022_97
14950,cluster_SeaTurtleID2022_47
14951,cluster_SeaTurtleID2022_144
14952,cluster_SeaTurtleID2022_90
14953,cluster_SeaTurtleID2022_136
14954,cluster_SeaTurtleID2022_94
14955,cluster_SeaTurtleID2022_107
14956,cluster_SeaTurtleID2022_61
14957,cluster_SeaTurtleID2022_148
14958,cluster_SeaTurtleID2022_160
14959,cluster_SeaTurtleID2022_144
14960,cluster_SeaTurtleID2022_119
14961,cluster_SeaTurtleID2022_15
14962,cluster_SeaTurtleID2022_98
14963,cluster_SeaTurtleID2022_92
14964,cluster_SeaTurtleID2022_146
14965,cluster_SeaTurtleID2022_45
14966,cluster_SeaTurtleID2022_103
14967,cluster_SeaTurtleID2022_101
14968,cluster_SeaTurtleID2022_93
14969,cluster_SeaTurtleID2022_41
14970,cluster_SeaTurtleID2022_96
14971,cluster_SeaTurtleID2022_137
14972,cluster_SeaTurtleID2022_56
14973,cluster_SeaTurtleID2022_146
14974,cluster_SeaTurtleID2022_100
14975,cluster_SeaTurtleID2022_151
14976,cluster_SeaTurtleID2022_132
14977,cluster_SeaTurtleID2022_96
14978,cluster_SeaTurtleID2022_25
14979,cluster_SeaTurtleID2022_33
14980,cluster_SeaTurtleID2022_105
14981,cluster_SeaTurtleID2022_143
14982,cluster_SeaTurtleID2022_120
14983,cluster_SeaTurtleID2022_98
14984,cluster_SeaTurtleID2022_52
14985,cluster_SeaTurtleID2022_161
14986,cluster_SeaTurtleID2022_130
14987,cluster_SeaTurtleID2022_18
14988,cluster_SeaTurtleID2022_143
14989,cluster_SeaTurtleID2022_134
14990,cluster_SeaTurtleID2022_38
14991,cluster_SeaTurtleID2022_135
14992,cluster_SeaTurtleID2022_95
14993,cluster_SeaTurtleID2022_92
14994,cluster_SeaTurtleID2022_101
14995,cluster_SeaTurtleID2022_92
14996,cluster_SeaTurtleID2022_120
14997,cluster_SeaTurtleID2022_31
14998,cluster_SeaTurtleID2022_118
14999,cluster_SeaTurtleID2022_111
15000,cluster_SeaTurtleID2022_124
15001,cluster_SeaTurtleID2022_94
15002,cluster_SeaTurtleID2022_2
15003,cluster_SeaTurtleID2022_120
15004,cluster_SeaTurtleID2022_107
15005,cluster_SeaTurtleID2022_161
15006,cluster_SeaTurtleID2022_98
15007,cluster_SeaTurtleID2022_119
15008,cluster_SeaTurtleID2022_11
15009,cluster_SeaTurtleID2022_154
15010,cluster_SeaTurtleID2022_83
15011,cluster_SeaTurtleID2022_162
15012,cluster_SeaTurtleID2022_27
15013,cluster_SeaTurtleID2022_77
15014,cluster_SeaTurtleID2022_41
15015,cluster_SeaTurtleID2022_1
15016,cluster_SeaTurtleID2022_156
15017,cluster_SeaTurtleID2022_160
15018,cluster_SeaTurtleID2022_158
15019,cluster_SeaTurtleID2022_161
15020,cluster_SeaTurtleID2022_112
15021,cluster_SeaTurtleID2022_157
15022,cluster_SeaTurtleID2022_57
15023,cluster_SeaTurtleID2022_82
15024,cluster_SeaTurtleID2022_29
15025,cluster_SeaTurtleID2022_90
15026,cluster_SeaTurtleID2022_93
15027,cluster_SeaTurtleID2022_10
15028,cluster_SeaTurtleID2022_93
15029,cluster_SeaTurtleID2022_4
15030,cluster_SeaTurtleID2022_40
15031,cluster_SeaTurtleID2022_148
15032,cluster_SeaTurtleID2022_50
15033,cluster_SeaTurtleID2022_2
15034,cluster_SeaTurtleID2022_14
15035,cluster_SeaTurtleID2022_75
15036,cluster_SeaTurtleID2022_110
15037,cluster_SeaTurtleID2022_148
15038,cluster_SeaTurtleID2022_112
15039,cluster_SeaTurtleID2022_49
15040,cluster_SeaTurtleID2022_88
15041,cluster_SeaTurtleID2022_146
15042,cluster_SeaTurtleID2022_55
15043,cluster_SeaTurtleID2022_90
15044,cluster_SeaTurtleID2022_135
15045,cluster_SeaTurtleID2022_2
15046,cluster_SeaTurtleID2022_8
15047,cluster_SeaTurtleID2022_165
15048,cluster_SeaTurtleID2022_115
15049,cluster_SeaTurtleID2022_46
15050,cluster_SeaTurtleID2022_21
15051,cluster_SeaTurtleID2022_45
15052,cluster_SeaTurtleID2022_159
15053,cluster_SeaTurtleID2022_125
15054,cluster_SeaTurtleID2022_93
15055,cluster_SeaTurtleID2022_147
15056,cluster_SeaTurtleID2022_160
15057,cluster_SeaTurtleID2022_146
15058,cluster_SeaTurtleID2022_83
15059,cluster_SeaTurtleID2022_3
15060,cluster_SeaTurtleID2022_26
15061,cluster_SeaTurtleID2022_141
15062,cluster_SeaTurtleID2022_162
15063,cluster_SeaTurtleID2022_163
15064,cluster_SeaTurtleID2022_115
15065,cluster_SeaTurtleID2022_95
15066,cluster_SeaTurtleID2022_123
15067,cluster_SeaTurtleID2022_156
15068,cluster_SeaTurtleID2022_147
15069,cluster_SeaTurtleID2022_128
15070,cluster_SeaTurtleID2022_120
15071,cluster_SeaTurtleID2022_102
15072,cluster_SeaTurtleID2022_96
15073,cluster_SeaTurtleID2022_20
15074,cluster_SeaTurtleID2022_16
15075,cluster_SeaTurtleID2022_94
15076,cluster_SeaTurtleID2022_6
15077,cluster_SeaTurtleID2022_89
15078,cluster_SeaTurtleID2022_142
15079,cluster_SeaTurtleID2022_90
15080,cluster_SeaTurtleID2022_160
15081,cluster_SeaTurtleID2022_86
15082,cluster_SeaTurtleID2022_42
15083,cluster_SeaTurtleID2022_114
15084,cluster_SeaTurtleID2022_3
15085,cluster_SeaTurtleID2022_70
15086,cluster_SeaTurtleID2022_42
15087,cluster_SeaTurtleID2022_150
15088,cluster_SeaTurtleID2022_136
15089,cluster_SeaTurtleID2022_155
15090,cluster_SeaTurtleID2022_165
15091,cluster_SeaTurtleID2022_106
15092,cluster_SeaTurtleID2022_83
15093,cluster_SeaTurtleID2022_160
15094,cluster_SeaTurtleID2022_47
15095,cluster_SeaTurtleID2022_58
15096,cluster_SeaTurtleID2022_108
15097,cluster_SeaTurtleID2022_54
15098,cluster_SeaTurtleID2022_134
15099,cluster_SeaTurtleID2022_151
15100,cluster_SeaTurtleID2022_159
15101,cluster_SeaTurtleID2022_13
15102,cluster_SeaTurtleID2022_68
15103,cluster_SeaTurtleID2022_82
15104,cluster_SeaTurtleID2022_153
15105,cluster_SeaTurtleID2022_157
15106,cluster_SeaTurtleID2022_164
15107,cluster_SeaTurtleID2022_67
15108,cluster_SeaTurtleID2022_93
15109,cluster_SeaTurtleID2022_10
15110,cluster_SeaTurtleID2022_88
15111,cluster_SeaTurtleID2022_117
15112,cluster_SeaTurtleID2022_158
15113,cluster_SeaTurtleID2022_103
15114,cluster_SeaTurtleID2022_86
15115,cluster_SeaTurtleID2022_124
15116,cluster_SeaTurtleID2022_101
15117,cluster_SeaTurtleID2022_162
15118,cluster_SeaTurtleID2022_99
15119,cluster_SeaTurtleID2022_82
15120,cluster_SeaTurtleID2022_91
15121,cluster_SeaTurtleID2022_153
15122,cluster_SeaTurtleID2022_160
15123,cluster_SeaTurtleID2022_6
15124,cluster_SeaTurtleID2022_13
15125,cluster_SeaTurtleID2022_109
15126,cluster_SeaTurtleID2022_32
15127,cluster_SeaTurtleID2022_6
15128,cluster_SeaTurtleID2022_84
15129,cluster_SeaTurtleID2022_129
15130,cluster_SeaTurtleID2022_64
15131,cluster_SeaTurtleID2022_7
15132,cluster_SeaTurtleID2022_163
15133,cluster_SeaTurtleID2022_43
15134,cluster_SeaTurtleID2022_64
15135,cluster_SeaTurtleID2022_58
15136,cluster_SeaTurtleID2022_79
15137,cluster_SeaTurtleID2022_88
15138,cluster_SeaTurtleID2022_91
15139,cluster_SeaTurtleID2022_107
15140,cluster_SeaTurtleID2022_119
15141,cluster_SeaTurtleID2022_116
15142,cluster_SeaTurtleID2022_11
15143,cluster_SeaTurtleID2022_164
15144,cluster_SeaTurtleID2022_13
15145,cluster_SeaTurtleID2022_126
15146,cluster_SeaTurtleID2022_85
15147,cluster_SeaTurtleID2022_161
15148,cluster_SeaTurtleID2022_143
15149,cluster_SeaTurtleID2022_118
15150,cluster_SeaTurtleID2022_97
15151,cluster_SeaTurtleID2022_91
15152,cluster_SeaTurtleID2022_15
15153,cluster_SeaTurtleID2022_157
15154,cluster_SeaTurtleID2022_38
15155,cluster_SeaTurtleID2022_133
15156,cluster_SeaTurtleID2022_96
15157,cluster_SeaTurtleID2022_36
15158,cluster_SeaTurtleID2022_126
15159,cluster_SeaTurtleID2022_152
15160,cluster_SeaTurtleID2022_8
15161,cluster_SeaTurtleID2022_126
15162,cluster_SeaTurtleID2022_121
15163,cluster_SeaTurtleID2022_37
15164,cluster_SeaTurtleID2022_120
15165,cluster_SeaTurtleID2022_121
15166,cluster_SeaTurtleID2022_121
15167,cluster_SeaTurtleID2022_96
15168,cluster_SeaTurtleID2022_93
15169,cluster_SeaTurtleID2022_27
15170,cluster_SeaTurtleID2022_158
15171,cluster_SeaTurtleID2022_160
15172,cluster_SeaTurtleID2022_29
15173,cluster_SeaTurtleID2022_119
15174,cluster_SeaTurtleID2022_109
15175,cluster_SeaTurtleID2022_160
15176,cluster_SeaTurtleID2022_164
15177,cluster_SeaTurtleID2022_92
15178,cluster_SeaTurtleID2022_10
15179,cluster_SeaTurtleID2022_34
15180,cluster_SeaTurtleID2022_37
15181,cluster_SeaTurtleID2022_163
15182,cluster_SeaTurtleID2022_161
15183,cluster_SeaTurtleID2022_82
15184,cluster_SeaTurtleID2022_19
15185,cluster_SeaTurtleID2022_162
15186,cluster_SeaTurtleID2022_112
15187,cluster_SeaTurtleID2022_165
15188,cluster_SeaTurtleID2022_4
15189,cluster_SeaTurtleID2022_147
15190,cluster_SeaTurtleID2022_10
15191,cluster_SeaTurtleID2022_5
15192,cluster_SeaTurtleID2022_132
15193,cluster_SeaTurtleID2022_64
15194,cluster_SeaTurtleID2022_161
15195,cluster_SeaTurtleID2022_130
15196,cluster_SeaTurtleID2022_13
15197,cluster_SeaTurtleID2022_154
15198,cluster_SeaTurtleID2022_93
15199,cluster_SeaTurtleID2022_148
15200,cluster_SeaTurtleID2022_4
15201,cluster_SeaTurtleID2022_160
15202,cluster_SeaTurtleID2022_58
15203,cluster_SeaTurtleID2022_97
15204,cluster_SeaTurtleID2022_163
15205,cluster_SeaTurtleID2022_12
15206,cluster_SeaTurtleID2022_3
15207,cluster_SeaTurtleID2022_44
15208,cluster_SeaTurtleID2022_102
15209,cluster_TexasHornedLizards_0
15210,cluster_TexasHornedLizards_1
15211,cluster_TexasHornedLizards_11
15212,cluster_TexasHornedLizards_65
15213,cluster_TexasHornedLizards_28
15214,cluster_TexasHornedLizards_39
15215,cluster_TexasHornedLizards_50
15216,cluster_TexasHornedLizards_61
15217,cluster_TexasHornedLizards_28
15218,cluster_TexasHornedLizards_63
15219,cluster_TexasHornedLizards_64
15220,cluster_TexasHornedLizards_2
15221,cluster_TexasHornedLizards_0
15222,cluster_TexasHornedLizards_28
15223,cluster_TexasHornedLizards_39
15224,cluster_TexasHornedLizards_3
15225,cluster_TexasHornedLizards_66
15226,cluster_TexasHornedLizards_4
15227,cluster_TexasHornedLizards_2
15228,cluster_TexasHornedLizards_5
15229,cluster_TexasHornedLizards_6
15230,cluster_TexasHornedLizards_7
15231,cluster_TexasHornedLizards_8
15232,cluster_TexasHornedLizards_9
15233,cluster_TexasHornedLizards_10
15234,cluster_TexasHornedLizards_4
15235,cluster_TexasHornedLizards_12
15236,cluster_TexasHornedLizards_13
15237,cluster_TexasHornedLizards_14
15238,cluster_TexasHornedLizards_14
15239,cluster_TexasHornedLizards_66
15240,cluster_TexasHornedLizards_66
15241,cluster_TexasHornedLizards_15
15242,cluster_TexasHornedLizards_16
15243,cluster_TexasHornedLizards_2
15244,cluster_TexasHornedLizards_17
15245,cluster_TexasHornedLizards_71
15246,cluster_TexasHornedLizards_0
15247,cluster_TexasHornedLizards_18
15248,cluster_TexasHornedLizards_19
15249,cluster_TexasHornedLizards_7
15250,cluster_TexasHornedLizards_20
15251,cluster_TexasHornedLizards_39
15252,cluster_TexasHornedLizards_0
15253,cluster_TexasHornedLizards_21
15254,cluster_TexasHornedLizards_8
15255,cluster_TexasHornedLizards_72
15256,cluster_TexasHornedLizards_72
15257,cluster_TexasHornedLizards_13
15258,cluster_TexasHornedLizards_22
15259,cluster_TexasHornedLizards_23
15260,cluster_TexasHornedLizards_8
15261,cluster_TexasHornedLizards_65
15262,cluster_TexasHornedLizards_65
15263,cluster_TexasHornedLizards_4
15264,cluster_TexasHornedLizards_24
15265,cluster_TexasHornedLizards_2
15266,cluster_TexasHornedLizards_5
15267,cluster_TexasHornedLizards_2
15268,cluster_TexasHornedLizards_73
15269,cluster_TexasHornedLizards_74
15270,cluster_TexasHornedLizards_61
15271,cluster_TexasHornedLizards_65
15272,cluster_TexasHornedLizards_9
15273,cluster_TexasHornedLizards_2
15274,cluster_TexasHornedLizards_25
15275,cluster_TexasHornedLizards_2
15276,cluster_TexasHornedLizards_5
15277,cluster_TexasHornedLizards_0
15278,cluster_TexasHornedLizards_10
15279,cluster_TexasHornedLizards_65
15280,cluster_TexasHornedLizards_66
15281,cluster_TexasHornedLizards_26
15282,cluster_TexasHornedLizards_13
15283,cluster_TexasHornedLizards_27
15284,cluster_TexasHornedLizards_29
15285,cluster_TexasHornedLizards_30
15286,cluster_TexasHornedLizards_71
15287,cluster_TexasHornedLizards_31
15288,cluster_TexasHornedLizards_14
15289,cluster_TexasHornedLizards_2
15290,cluster_TexasHornedLizards_32
15291,cluster_TexasHornedLizards_2
15292,cluster_TexasHornedLizards_66
15293,cluster_TexasHornedLizards_33
15294,cluster_TexasHornedLizards_24
15295,cluster_TexasHornedLizards_8
15296,cluster_TexasHornedLizards_29
15297,cluster_TexasHornedLizards_2
15298,cluster_TexasHornedLizards_34
15299,cluster_TexasHornedLizards_0
15300,cluster_TexasHornedLizards_4
15301,cluster_TexasHornedLizards_35
15302,cluster_TexasHornedLizards_2
15303,cluster_TexasHornedLizards_29
15304,cluster_TexasHornedLizards_0
15305,cluster_TexasHornedLizards_39
15306,cluster_TexasHornedLizards_15
15307,cluster_TexasHornedLizards_65
15308,cluster_TexasHornedLizards_16
15309,cluster_TexasHornedLizards_28
15310,cluster_TexasHornedLizards_36
15311,cluster_TexasHornedLizards_72
15312,cluster_TexasHornedLizards_24
15313,cluster_TexasHornedLizards_37
15314,cluster_TexasHornedLizards_5
15315,cluster_TexasHornedLizards_2
15316,cluster_TexasHornedLizards_0
15317,cluster_TexasHornedLizards_37
15318,cluster_TexasHornedLizards_2
15319,cluster_TexasHornedLizards_38
15320,cluster_TexasHornedLizards_66
15321,cluster_TexasHornedLizards_40
15322,cluster_TexasHornedLizards_2
15323,cluster_TexasHornedLizards_41
15324,cluster_TexasHornedLizards_66
15325,cluster_TexasHornedLizards_29
15326,cluster_TexasHornedLizards_42
15327,cluster_TexasHornedLizards_74
15328,cluster_TexasHornedLizards_43
15329,cluster_TexasHornedLizards_33
15330,cluster_TexasHornedLizards_44
15331,cluster_TexasHornedLizards_8
15332,cluster_TexasHornedLizards_75
15333,cluster_TexasHornedLizards_37
15334,cluster_TexasHornedLizards_45
15335,cluster_TexasHornedLizards_13
15336,cluster_TexasHornedLizards_13
15337,cluster_TexasHornedLizards_72
15338,cluster_TexasHornedLizards_7
15339,cluster_TexasHornedLizards_0
15340,cluster_TexasHornedLizards_65
15341,cluster_TexasHornedLizards_0
15342,cluster_TexasHornedLizards_0
15343,cluster_TexasHornedLizards_39
15344,cluster_TexasHornedLizards_24
15345,cluster_TexasHornedLizards_25
15346,cluster_TexasHornedLizards_46
15347,cluster_TexasHornedLizards_41
15348,cluster_TexasHornedLizards_76
15349,cluster_TexasHornedLizards_35
15350,cluster_TexasHornedLizards_22
15351,cluster_TexasHornedLizards_72
15352,cluster_TexasHornedLizards_14
15353,cluster_TexasHornedLizards_6
15354,cluster_TexasHornedLizards_13
15355,cluster_TexasHornedLizards_66
15356,cluster_TexasHornedLizards_13
15357,cluster_TexasHornedLizards_2
15358,cluster_TexasHornedLizards_0
15359,cluster_TexasHornedLizards_47
15360,cluster_TexasHornedLizards_66
15361,cluster_TexasHornedLizards_13
15362,cluster_TexasHornedLizards_65
15363,cluster_TexasHornedLizards_0
15364,cluster_TexasHornedLizards_13
15365,cluster_TexasHornedLizards_48
15366,cluster_TexasHornedLizards_16
15367,cluster_TexasHornedLizards_65
15368,cluster_TexasHornedLizards_66
15369,cluster_TexasHornedLizards_0
15370,cluster_TexasHornedLizards_4
15371,cluster_TexasHornedLizards_49
15372,cluster_TexasHornedLizards_26
15373,cluster_TexasHornedLizards_24
15374,cluster_TexasHornedLizards_9
15375,cluster_TexasHornedLizards_19
15376,cluster_TexasHornedLizards_25
15377,cluster_TexasHornedLizards_73
15378,cluster_TexasHornedLizards_32
15379,cluster_TexasHornedLizards_51
15380,cluster_TexasHornedLizards_61
15381,cluster_TexasHornedLizards_6
15382,cluster_TexasHornedLizards_6
15383,cluster_TexasHornedLizards_29
15384,cluster_TexasHornedLizards_66
15385,cluster_TexasHornedLizards_29
15386,cluster_TexasHornedLizards_61
15387,cluster_TexasHornedLizards_7
15388,cluster_TexasHornedLizards_8
15389,cluster_TexasHornedLizards_73
15390,cluster_TexasHornedLizards_16
15391,cluster_TexasHornedLizards_28
15392,cluster_TexasHornedLizards_6
15393,cluster_TexasHornedLizards_6
15394,cluster_TexasHornedLizards_6
15395,cluster_TexasHornedLizards_52
15396,cluster_TexasHornedLizards_77
15397,cluster_TexasHornedLizards_2
15398,cluster_TexasHornedLizards_13
15399,cluster_TexasHornedLizards_65
15400,cluster_TexasHornedLizards_4
15401,cluster_TexasHornedLizards_78
15402,cluster_TexasHornedLizards_32
15403,cluster_TexasHornedLizards_66
15404,cluster_TexasHornedLizards_67
15405,cluster_TexasHornedLizards_38
15406,cluster_TexasHornedLizards_53
15407,cluster_TexasHornedLizards_17
15408,cluster_TexasHornedLizards_19
15409,cluster_TexasHornedLizards_19
15410,cluster_TexasHornedLizards_2
15411,cluster_TexasHornedLizards_49
15412,cluster_TexasHornedLizards_13
15413,cluster_TexasHornedLizards_29
15414,cluster_TexasHornedLizards_46
15415,cluster_TexasHornedLizards_41
15416,cluster_TexasHornedLizards_72
15417,cluster_TexasHornedLizards_13
15418,cluster_TexasHornedLizards_72
15419,cluster_TexasHornedLizards_28
15420,cluster_TexasHornedLizards_2
15421,cluster_TexasHornedLizards_33
15422,cluster_TexasHornedLizards_54
15423,cluster_TexasHornedLizards_15
15424,cluster_TexasHornedLizards_8
15425,cluster_TexasHornedLizards_54
15426,cluster_TexasHornedLizards_55
15427,cluster_TexasHornedLizards_2
15428,cluster_TexasHornedLizards_66
15429,cluster_TexasHornedLizards_66
15430,cluster_TexasHornedLizards_27
15431,cluster_TexasHornedLizards_2
15432,cluster_TexasHornedLizards_2
15433,cluster_TexasHornedLizards_2
15434,cluster_TexasHornedLizards_45
15435,cluster_TexasHornedLizards_16
15436,cluster_TexasHornedLizards_72
15437,cluster_TexasHornedLizards_15
15438,cluster_TexasHornedLizards_71
15439,cluster_TexasHornedLizards_68
15440,cluster_TexasHornedLizards_34
15441,cluster_TexasHornedLizards_21
15442,cluster_TexasHornedLizards_2
15443,cluster_TexasHornedLizards_29
15444,cluster_TexasHornedLizards_56
15445,cluster_TexasHornedLizards_23
15446,cluster_TexasHornedLizards_56
15447,cluster_TexasHornedLizards_57
15448,cluster_TexasHornedLizards_2
15449,cluster_TexasHornedLizards_72
15450,cluster_TexasHornedLizards_58
15451,cluster_TexasHornedLizards_15
15452,cluster_TexasHornedLizards_61
15453,cluster_TexasHornedLizards_52
15454,cluster_TexasHornedLizards_66
15455,cluster_TexasHornedLizards_5
15456,cluster_TexasHornedLizards_4
15457,cluster_TexasHornedLizards_58
15458,cluster_TexasHornedLizards_65
15459,cluster_TexasHornedLizards_35
15460,cluster_TexasHornedLizards_59
15461,cluster_TexasHornedLizards_69
15462,cluster_TexasHornedLizards_61
15463,cluster_TexasHornedLizards_66
15464,cluster_TexasHornedLizards_6
15465,cluster_TexasHornedLizards_23
15466,cluster_TexasHornedLizards_65
15467,cluster_TexasHornedLizards_7
15468,cluster_TexasHornedLizards_2
15469,cluster_TexasHornedLizards_5
15470,cluster_TexasHornedLizards_60
15471,cluster_TexasHornedLizards_40
15472,cluster_TexasHornedLizards_6
15473,cluster_TexasHornedLizards_70
15474,cluster_TexasHornedLizards_46
15475,cluster_TexasHornedLizards_13
15476,cluster_TexasHornedLizards_62
15477,cluster_TexasHornedLizards_0
15478,cluster_TexasHornedLizards_2
15479,cluster_TexasHornedLizards_29
15480,cluster_TexasHornedLizards_42
15481,cluster_TexasHornedLizards_35
15482,cluster_TexasHornedLizards_66
